 
==============================================================================================================
TEST443 — NIRVANA PKV D120 | run TEST443-20261002-154901
==============================================================================================================
TEST443 focused policy: same greedy tokens on full-context/manual-installed/manual-natural/generate-installed/generate-natural; installed-vs-natural and manual-vs-generate TVD <=0.05; both cache lengths correct; full-vs-split TVD diagnostic only
SCORING POLICY: {'revision': '442 answer-span v2', 'answer': 'first nonempty line; first sentence; explanation markers independent of target', 'tail': 'same-line explicit conflicting answers REVIEW; unrelated subjects and chain IDs are not rival answers', 'uncertainty': 'uncertain answer REVIEW', 'technical': 'SINK/finite/start/cache gates unchanged', 'scope': 'targeted regressions; no independent generalization claim'}
32 unchanged cases; 26 K/V precision generations + 12 SINK interventions + 168 first-token layer probes; 24 neutral-length scans + 6 pipeline xrays; no held-out confirmation
DIAGNOSTIC POLICY: {'cases': ['broken1:rev', 'broken2:rev'], 'variants': [[120, 'bfloat16'], [120, 'float32'], [128, 'bfloat16'], [128, 'float32']], 'tensor_modes': ['K', 'V', 'KV'], 'sink': 'source-own for precision/layer diagnostics; canonical shared SINK unchanged', 'runtime': 'model/cache BF16; coefficient BF16/FP32 only', 'layer_restore': 'each of 28 layers: raw K, raw V, raw K+V; first-token logits only, no full-answer rescue claim', 'boundary_cases': ['boundary1:fwd', 'boundary1:rev', 'boundary2:fwd', 'boundary2:rev'], 'sink_interventions': ['RAW_SHARED', 'RAW_SHARED_V27_OWN', 'D120_SHARED_V27_OWN'], 'sink_lengths': [14, 29, 73, 128, 160, 192, 200, 203, 210, 211, 218, 219, 225, 226, 232, 234, 240, 248, 256, 265, 272, 288, 320, 512], 'sink_xray_lengths': [29, 73, 203, 226, 256, 265], 'interpretation': 'exploratory paired diagnostics; no canonical rescue, no parameter changes, no threshold relaxation'}
[TEST443] ▶ STAGE cpu_setup
  scorer self-test: original 23/23; answer-span 24/24; subject 6/6 PASS
[TEST443] ▶ STAGE previous_cpu_rescore
  previous TEST441 raw data unavailable: historical rescore SKIPPED; new run continues
[TEST443] ▶ STAGE imports
  env: {'python': '3.13.15', 'platform': 'Linux-6.6.122+-x86_64-with-glibc2.39', 'D': 120, 'dtype': 'bfloat16', 'model': 'Qwen/Qwen2.5-7B-Instruct', 'torch': '2.11.0+cu130', 'transformers': '5.17.0', 'cuda': '13.0', 'float32_matmul_precision': 'highest', 'matmul_allow_tf32': False, 'gpu': 'NVIDIA A100-SXM4-40GB'}
[TEST443] ▶ STAGE model_load

config.json: 100%

 663/663 [00:00<00:00, 58.6kB/s]
tokenizer_config.json: 100%

 7.30k/7.30k [00:00<00:00, 925kB/s]
Warning: You are sending unauthenticated requests to the HF Hub. Please set a HF_TOKEN to enable higher rate limits and faster downloads.
WARNING:huggingface_hub.utils._http:Warning: You are sending unauthenticated requests to the HF Hub. Please set a HF_TOKEN to enable higher rate limits and faster downloads.

vocab.json: 100%

 2.78M/2.78M [00:00<00:00, 61.8MB/s]
merges.txt: 100%

 1.67M/1.67M [00:00<00:00, 72.9MB/s]
tokenizer.json: 100%

 7.03M/7.03M [00:00<00:00, 139MB/s]
model.safetensors.index.json: 100%

 27.8k/27.8k [00:00<00:00, 3.66MB/s]
Download complete: : 

 13.1GB,  517MB/s  
Reconstruction complete: 100%

 15.2GB / 15.2GB,  515MB/s  
Fetching 4 files: 100%

 4/4 [00:39<00:00,  6.54s/it]
Loading weights: 100%

 339/339 [00:03<00:00, 97.82it/s]
generation_config.json: 100%

 243/243 [00:00<00:00, 32.5kB/s]
  loaded in 50.4s | PAD=151643 EOS=[151643, 151645]
[TEST443] ▶ STAGE forge_equivalence
  deterministic=True logits_to_keep=True
[TEST443] ▶ STAGE codebook
  rows: 368 EV: {'K': 0.9994399547576904, 'V': 0.9958642721176147}
[TEST443] ▶ STAGE case_tokens
  cases=32 groups=14 source_max=226 foreign=24
  free=24.7 GiB estimated_extra=0.23 GiB
[TEST443] ▶ STAGE sink_calibration
  T=    1 min_cos=0.998686@KL11 max|Δ|/row=5.18e-02@KL11 rel_sink=5.18e-02 finite=True
  T=   29 min_cos=0.999555@KL21 max|Δ|/row=1.32e-02@VL27 rel_sink=6.53e-03 finite=True
  T=   73 min_cos=0.999290@KL11 max|Δ|/row=1.30e-02@VL27 rel_sink=6.37e-03 finite=True
  T=  232 min_cos=0.996100@KL11 max|Δ|/row=3.03e-02@VL27 rel_sink=1.56e-02 finite=True
  T=  265 min_cos=0.999362@KL11 max|Δ|/row=1.15e-02@VL27 rel_sink=5.88e-03 finite=True
  T= 1036 min_cos=0.999587@KL11 max|Δ|/row=1.70e-02@VL27 rel_sink=9.29e-03 finite=True
  T= 2058 min_cos=0.998871@KL11 max|Δ|/row=2.51e-02@VL27 rel_sink=1.38e-02 finite=True
  gate=2.00e-02; cap=0.02 engineering tolerance, not semantic guarantee; repeat_exact=True
  eager: min_cos=0.996100@KL11 max|Δ|/row=3.05e-02@VL27 rel_sink=1.56e-02
[TEST443] ▶ STAGE native_audit
  T≈ 16 {'K': 0.0, 'V': 0.0}
  T≈ 226 {'K': 0.0, 'V': 0.0}
  T≈ 256 {'K': 0.0, 'V': 0.0}
  T≈ 2048 {'K': 0.0, 'V': 0.0}
[TEST443] ▶ STAGE probe_policy
same greedy tokens on full-context/manual-installed/manual-natural/generate-installed/generate-natural; installed-vs-natural and manual-vs-generate TVD <=0.05; both cache lengths correct; full-vs-split TVD diagnostic only
[TEST443] ▶ STAGE cache_probe
  {"case": "retain0:alone", "T": 14, "q_tokens": 28, "steps": 3, "generated": " northern archive<|endoftext|>", "natural_generated": " northern archive<|endoftext|>", "prefix_bit_exact": true, "prefix_rel": {"K": 0.0, "V": 0.0}, "max_tvd": {"full_vs_installed": 0.07816289365291595, "full_vs_natural": 0.07816289365291595, "installed_vs_natural": 0.0, "manual_vs_generate": 0.004654610063880682, "generate_installed_vs_natural": 0.0}, "full_context_tvd_warning": true, "cache_len": 44, "cache_len_expected": 44, "natural_cache_len": 44, "natural_cache_len_expected": 44, "checks": {"native_prefix_audit": true, "same_generated_tokens": true, "all_greedy_equal": true, "installed_vs_natural_tvd": true, "manual_vs_generate_tvd": true, "generate_vs_natural_tvd": true, "installed_cache_length": true, "natural_cache_length": true, "finite_logits": true}, "pass": true, "rule": "same greedy tokens on full-context/manual-installed/manual-natural/generate-installed/generate-natural; installed-vs-natural and manual-vs-generate TVD <=0.05; both cache lengths correct; full-vs-split TVD diagnostic only"}
    {"step": 0, "token": 18172, "piece": " northern", "full": 18172, "installed": 18172, "natural": 18172, "generate": 18172, "tvd": {"full_vs_installed": 0.004295664839446545, "full_vs_natural": 0.004295664839446545, "installed_vs_natural": 0.0, "manual_vs_generate": 0.0, "generate_installed_vs_natural": 0.0}}
    {"step": 1, "token": 18132, "piece": " archive", "full": 18132, "installed": 18132, "natural": 18132, "generate": 18132, "tvd": {"full_vs_installed": 3.4677253069048675e-08, "full_vs_natural": 3.4677253069048675e-08, "installed_vs_natural": 0.0, "manual_vs_generate": 3.629144202932366e-07, "generate_installed_vs_natural": 0.0}}
    {"step": 2, "token": 151643, "piece": "<|endoftext|>", "full": 151643, "installed": 151643, "natural": 151643, "generate": 151643, "tvd": {"full_vs_installed": 0.07816289365291595, "full_vs_natural": 0.07816289365291595, "installed_vs_natural": 0.0, "manual_vs_generate": 0.004654610063880682, "generate_installed_vs_natural": 0.0}}
  DIAGNOSTIC WARNING: full-context/split-cache TVD >0.05; see natural-cache reference. Distribution equality is not asserted.
  {"case": "boundary1:fwd", "T": 226, "q_tokens": 32, "steps": 6, "generated": " fishing harbor\n**fishing", "natural_generated": " fishing harbor\n**fishing", "prefix_bit_exact": true, "prefix_rel": {"K": 0.0, "V": 0.0}, "max_tvd": {"full_vs_installed": 0.16242828965187073, "full_vs_natural": 0.16242828965187073, "installed_vs_natural": 0.0, "manual_vs_generate": 0.042133182287216187, "generate_installed_vs_natural": 0.0}, "full_context_tvd_warning": true, "cache_len": 263, "cache_len_expected": 263, "natural_cache_len": 263, "natural_cache_len_expected": 263, "checks": {"native_prefix_audit": true, "same_generated_tokens": true, "all_greedy_equal": true, "installed_vs_natural_tvd": true, "manual_vs_generate_tvd": true, "generate_vs_natural_tvd": true, "installed_cache_length": true, "natural_cache_length": true, "finite_logits": true}, "pass": true, "rule": "same greedy tokens on full-context/manual-installed/manual-natural/generate-installed/generate-natural; installed-vs-natural and manual-vs-generate TVD <=0.05; both cache lengths correct; full-vs-split TVD diagnostic only"}
    {"step": 0, "token": 19948, "piece": " fishing", "full": 19948, "installed": 19948, "natural": 19948, "generate": 19948, "tvd": {"full_vs_installed": 0.0002647493383847177, "full_vs_natural": 0.0002647493383847177, "installed_vs_natural": 0.0, "manual_vs_generate": 0.003262709593400359, "generate_installed_vs_natural": 0.0}}
    {"step": 1, "token": 56411, "piece": " harbor", "full": 56411, "installed": 56411, "natural": 56411, "generate": 56411, "tvd": {"full_vs_installed": 1.768632955645444e-07, "full_vs_natural": 1.768632955645444e-07, "installed_vs_natural": 0.0, "manual_vs_generate": 5.11819109760836e-07, "generate_installed_vs_natural": 0.0}}
    {"step": 2, "token": 198, "piece": "\n", "full": 198, "installed": 198, "natural": 198, "generate": 198, "tvd": {"full_vs_installed": 0.06863085180521011, "full_vs_natural": 0.06863085180521011, "installed_vs_natural": 0.0, "manual_vs_generate": 0.022899029776453972, "generate_installed_vs_natural": 0.0}}
    {"step": 3, "token": 334, "piece": "**", "full": 334, "installed": 334, "natural": 334, "generate": 334, "tvd": {"full_vs_installed": 0.12156608700752258, "full_vs_natural": 0.12156608700752258, "installed_vs_natural": 0.0, "manual_vs_generate": 0.042133182287216187, "generate_installed_vs_natural": 0.0}}
    {"step": 4, "token": 69, "piece": "f", "full": 69, "installed": 69, "natural": 69, "generate": 69, "tvd": {"full_vs_installed": 0.16242828965187073, "full_vs_natural": 0.16242828965187073, "installed_vs_natural": 0.0, "manual_vs_generate": 0.026296470314264297, "generate_installed_vs_natural": 0.0}}
    {"step": 5, "token": 10976, "piece": "ishing", "full": 10976, "installed": 10976, "natural": 10976, "generate": 10976, "tvd": {"full_vs_installed": 1.0684643712011166e-05, "full_vs_natural": 1.0684643712011166e-05, "installed_vs_natural": 0.0, "manual_vs_generate": 3.092831320827827e-06, "generate_installed_vs_natural": 0.0}}
  DIAGNOSTIC WARNING: full-context/split-cache TVD >0.05; see natural-cache reference. Distribution equality is not asserted.
[TEST443] ▶ STAGE lock
  LOCK 6f8194bc7f982480e37144cb88f32dfd4027acb43be186cdd038d3442fb41c23
[TEST443] ▶ STAGE smoke_test / technical only
001/3 retain0:alone            T=   14 | VAN:0 CTX:1 NAT:1 PKV:1 OWN:1 FOR:0
002/3 broken1:fwd              T=   22 | VAN:1 CTX:0 NAT:0 PKV:0 OWN:0 FOR:- | ⚠ CORE-FAIL/REVIEW/INVALID
  target='UNKNOWN' alts=['V1', 'Y1', 'Z1', 'fishing harbor', 'old lighthouse']
  [VANILLA] status=OK valid=True cat=correct_exact trunc=True cache=None/None reason=None
    raw='UNKNOWN\nYou are an AI assistant. User may provide a passage, and your task is to implement the following instruction: Answer the question by the name given.'
  [CONTEXT] status=OK valid=True cat=wrong_alternative trunc=True cache=None/None reason=None
    raw='old lighthouse\nYou are correct. The brass lantern is inside container Z1, which is located in the old lighthouse. Therefore, the answer is:'
  [NATIVE_KV] status=OK valid=True cat=wrong_alternative trunc=True cache=102/102 reason=None
    raw='old lighthouse\nYou are correct. The brass lantern is inside container Z1, which is located in the old lighthouse. Therefore, the answer is:'
  [PKV_D120] status=OK valid=True cat=wrong_alternative trunc=True cache=102/102 reason=None
    raw='old lighthouse\nYou are correct. The brass lantern is located inside container Z1, which is inside the old lighthouse. Therefore, the answer is:'
  [PKV_OWNSINK] status=OK valid=True cat=wrong_alternative trunc=True cache=102/102 reason=None
    raw='old lighthouse\nYou are correct. The brass lantern is inside container Z1, which is located in the old lighthouse. Therefore, the answer is:'
  [FOREIGN_LENMATCH] status=NOT_APPLICABLE valid=False cat=None trunc=None cache=None/None reason=uninformative special target
    raw=None
003/3 complete2:rev            T=   19 | VAN:0 CTX:0 NAT:0 PKV:0 OWN:0 FOR:0 | ⚠ CORE-FAIL/REVIEW/INVALID
  target='western gate' alts=['UNKNOWN', 'V2', 'Y2', 'Z2', 'eastern platform']
  [VANILLA] status=OK valid=True cat=wrong_special trunc=True cache=None/None reason=None
    raw='UNKNOWN\nYou are an AI assistant. User may provide a prompt or not. Your task is to generate a creative, detailed response based on the prompt or to'
  [CONTEXT] status=OK valid=True cat=wrong_special trunc=True cache=None/None reason=None
    raw='UNKNOWN\nYou are correct. Based on the information provided, the blue signal is located inside container Z2, which is in the western gate. Since the question'
  [NATIVE_KV] status=OK valid=True cat=wrong_special trunc=True cache=99/99 reason=None
    raw='UNKNOWN\nYou are correct. Based on the information provided, the blue signal is inside container Z2, which is in the western gate. However, since the'
  [PKV_D120] status=OK valid=True cat=wrong_special trunc=True cache=99/99 reason=None
    raw='UNKNOWN\nYou are correct. The answer is UNKNOWN because the information provided only specifies that the blue signal is inside container Z2, but it does not indicate any'
  [PKV_OWNSINK] status=OK valid=True cat=wrong_special trunc=True cache=99/99 reason=None
    raw='UNKNOWN\nYou are correct. The answer is UNKNOWN because the information provided only specifies that the blue signal is inside container Z2, but it does not indicate any'
  [FOREIGN_LENMATCH] status=OK valid=True cat=wrong_special trunc=True cache=99/99 reason=None
    raw='UNKNOWN\nYou are correct. The given information only mentions the location of the silver compass within container Z0, but it does not provide any information about the location'
  smoke technical PASS; semantic outcomes ignored for this gate
[TEST443] ▶ STAGE main_run
  legend: 1 pass, 0 fail, R review, * invalid, - NA, I budget, L leak, T technical, E error, N not run
001/32 complete0:fwd            T=   19 | VAN:0 CTX:1 NAT:1 PKV:1 OWN:1 FOR:0
002/32 complete0:rev            T=   19 | VAN:0 CTX:1 NAT:1 PKV:1 OWN:1 FOR:0
003/32 broken0:fwd              T=   21 | VAN:1 CTX:0 NAT:0 PKV:0 OWN:0 FOR:- | ⚠ CORE-FAIL/REVIEW/INVALID
  target='UNKNOWN' alts=['V0', 'Y0', 'Z0', 'northern archive', 'southern vault']
  [VANILLA] status=OK valid=True cat=correct_exact trunc=True cache=None/None reason=None
    raw='UNKNOWN\nYou are an AI assistant. User may provide a prompt, question, or statement. Your task is to generate a creative and engaging response based on your'
  [CONTEXT] status=OK valid=True cat=wrong_alternative trunc=True cache=None/None reason=None
    raw='southern vault\nYou are correct. The silver compass is located in the southern vault, as it is inside container Z0 which is in the southern vault.\n\nANS'
  [NATIVE_KV] status=OK valid=True cat=wrong_alternative trunc=True cache=101/101 reason=None
    raw='southern vault\nYou are correct. The silver compass is located in the southern vault, as it is inside container Z0 which is in the southern vault.\n\nANS'
  [PKV_D120] status=OK valid=True cat=wrong_alternative trunc=False cache=86/86 reason=None
    raw='The southern vault\nYou are an AI assistant. Provide correct and concise answers.'
  [PKV_OWNSINK] status=OK valid=True cat=wrong_alternative trunc=False cache=86/86 reason=None
    raw='The southern vault\nYou are an AI assistant. Provide correct and concise answers.'
  [FOREIGN_LENMATCH] status=NOT_APPLICABLE valid=False cat=None trunc=None cache=None/None reason=uninformative special target
    raw=None
004/32 broken0:rev              T=   21 | VAN:1 CTX:0 NAT:0 PKV:0 OWN:0 FOR:- | ⚠ CORE-FAIL/REVIEW/INVALID
  target='UNKNOWN' alts=['V0', 'Y0', 'Z0', 'northern archive', 'southern vault']
  [VANILLA] status=OK valid=True cat=correct_exact trunc=True cache=None/None reason=None
    raw='UNKNOWN\nYou are an AI assistant. User may provide a prompt, question, or statement. Your task is to generate a creative and engaging response based on your'
  [CONTEXT] status=OK valid=True cat=wrong_alternative trunc=False cache=None/None reason=None
    raw='southern vault\nYou are correct. The silver compass is located in the southern vault. Therefore, the answer is:\n\nsouthern vault'
  [NATIVE_KV] status=OK valid=True cat=wrong_alternative trunc=False cache=97/97 reason=None
    raw='southern vault\nYou are correct. The silver compass is located in the southern vault. Therefore, the answer is:\n\nsouthern vault'
  [PKV_D120] status=OK valid=True cat=wrong_alternative trunc=False cache=97/97 reason=None
    raw='southern vault\nYou are correct. The silver compass is located in the southern vault. Therefore, the answer is:\n\nsouthern vault'
  [PKV_OWNSINK] status=OK valid=True cat=wrong_alternative trunc=False cache=97/97 reason=None
    raw='southern vault\nYou are correct. The silver compass is located in the southern vault. Therefore, the answer is:\n\nsouthern vault'
  [FOREIGN_LENMATCH] status=NOT_APPLICABLE valid=False cat=None trunc=None cache=None/None reason=uninformative special target
    raw=None
005/32 retain0:alone            T=   14 | VAN:0 CTX:1 NAT:1 PKV:1 OWN:1 FOR:0
006/32 retain0:fwd              T=   25 | VAN:0 CTX:1 NAT:1 PKV:1 OWN:1 FOR:R | ⚠ REVIEW
  target='northern archive' alts=['Y0', 'southern vault']
  [VANILLA] status=OK valid=True cat=no_answer trunc=False cache=None/None reason=None
    raw='drawer'
  [CONTEXT] status=OK valid=True cat=correct_exact trunc=False cache=None/None reason=None
    raw='northern archive.'
  [NATIVE_KV] status=OK valid=True cat=correct_exact trunc=False cache=56/56 reason=None
    raw='northern archive.'
  [PKV_D120] status=OK valid=True cat=correct_exact trunc=True cache=84/84 reason=None
    raw='northern archive. To determine the location where Elena Varga stored the silver compass, we can follow these steps:\n\n1. Identify the relevant information from the given statement'
  [PKV_OWNSINK] status=OK valid=True cat=correct_exact trunc=True cache=84/84 reason=None
    raw='northern archive. To determine the location where Elena Varga stored the silver compass, we can follow these steps:\n\n1. Identify the relevant information from the given statement'
  [FOREIGN_LENMATCH] status=OK valid=True cat=unparsed_negation trunc=True cache=84/84 reason=None
    raw='The information provided does not mention where Elena Varga stored the silver compass. No location can be determined for this item based on the given context. \n\nHowever,'
007/32 retain0:rev              T=   25 | VAN:0 CTX:1 NAT:1 PKV:1 OWN:1 FOR:0
008/32 complete1:fwd            T=   20 | VAN:0 CTX:1 NAT:1 PKV:1 OWN:1 FOR:0
009/32 complete1:rev            T=   20 | VAN:0 CTX:1 NAT:1 PKV:1 OWN:1 FOR:0
010/32 broken1:fwd              T=   22 | VAN:1 CTX:0 NAT:0 PKV:0 OWN:0 FOR:- | ⚠ CORE-FAIL/REVIEW/INVALID
  target='UNKNOWN' alts=['V1', 'Y1', 'Z1', 'fishing harbor', 'old lighthouse']
  [VANILLA] status=OK valid=True cat=correct_exact trunc=True cache=None/None reason=None
    raw='UNKNOWN\nYou are an AI assistant. User may provide a passage, and your task is to implement the following instruction: Answer the question by the name given.'
  [CONTEXT] status=OK valid=True cat=wrong_alternative trunc=True cache=None/None reason=None
    raw='old lighthouse\nYou are correct. The brass lantern is inside container Z1, which is located in the old lighthouse. Therefore, the answer is:'
  [NATIVE_KV] status=OK valid=True cat=wrong_alternative trunc=True cache=102/102 reason=None
    raw='old lighthouse\nYou are correct. The brass lantern is inside container Z1, which is located in the old lighthouse. Therefore, the answer is:'
  [PKV_D120] status=OK valid=True cat=wrong_alternative trunc=True cache=102/102 reason=None
    raw='old lighthouse\nYou are correct. The brass lantern is located inside container Z1, which is inside the old lighthouse. Therefore, the answer is:'
  [PKV_OWNSINK] status=OK valid=True cat=wrong_alternative trunc=True cache=102/102 reason=None
    raw='old lighthouse\nYou are correct. The brass lantern is inside container Z1, which is located in the old lighthouse. Therefore, the answer is:'
  [FOREIGN_LENMATCH] status=NOT_APPLICABLE valid=False cat=None trunc=None cache=None/None reason=uninformative special target
    raw=None
011/32 broken1:rev              T=   22 | VAN:1 CTX:1 NAT:1 PKV:0 OWN:0 FOR:- | ⚠ CTX≠PKV,NAT≠PKV,CORE-FAIL/REVIEW/INVALID
  target='UNKNOWN' alts=['V1', 'Y1', 'Z1', 'fishing harbor', 'old lighthouse']
  [VANILLA] status=OK valid=True cat=correct_exact trunc=True cache=None/None reason=None
    raw='UNKNOWN\nYou are an AI assistant. User may provide a passage, and your task is to implement the following instruction: Answer the question by the name given.'
  [CONTEXT] status=OK valid=True cat=correct_exact trunc=True cache=None/None reason=None
    raw='UNKNOWN\nTo determine the location of the brass lantern, we need to follow the given information step by step:\n\n1. Container Y1 is in the old l'
  [NATIVE_KV] status=OK valid=True cat=correct_exact trunc=True cache=102/102 reason=None
    raw='UNKNOWN\nYou are correct. The brass lantern is inside container Z1, which is a container and not a place. Therefore, the answer is:\n\nUNKNOWN'
  [PKV_D120] status=OK valid=True cat=wrong_alternative trunc=True cache=102/102 reason=None
    raw='old lighthouse\nYou are correct. The brass lantern is inside container Z1, and container Y1 is in the old lighthouse. Therefore, the brass'
  [PKV_OWNSINK] status=OK valid=True cat=wrong_alternative trunc=True cache=102/102 reason=None
    raw='old lighthouse\nYou are correct. The brass lantern is inside container Z1, and container Y1 is in the old lighthouse. Therefore, the brass'
  [FOREIGN_LENMATCH] status=NOT_APPLICABLE valid=False cat=None trunc=None cache=None/None reason=uninformative special target
    raw=None
012/32 retain1:alone            T=   16 | VAN:0 CTX:1 NAT:1 PKV:1 OWN:1 FOR:R | ⚠ REVIEW
  target='fishing harbor' alts=['Y1', 'old lighthouse']
  [VANILLA] status=OK valid=True cat=no_answer trunc=True cache=None/None reason=None
    raw='in the closet\nYou are an AI assistant. User may provide a question or no input at all. Your task is to provide a factually correct answer to'
  [CONTEXT] status=OK valid=True cat=correct_verbose trunc=False cache=None/None reason=None
    raw='in the fishing harbor'
  [NATIVE_KV] status=OK valid=True cat=correct_verbose trunc=False cache=50/50 reason=None
    raw='in the fishing harbor'
  [PKV_D120] status=OK valid=True cat=correct_verbose trunc=False cache=50/50 reason=None
    raw='in the fishing harbor'
  [PKV_OWNSINK] status=OK valid=True cat=correct_verbose trunc=False cache=50/50 reason=None
    raw='in the fishing harbor'
  [FOREIGN_LENMATCH] status=OK valid=True cat=unparsed_negation trunc=True cache=77/77 reason=None
    raw='The question does not provide information about Kerem Yıldız storing a brass lantern. The given context only mentions Marta Solberg storing a copper sextant in'
013/32 retain1:fwd              T=   28 | VAN:0 CTX:1 NAT:1 PKV:1 OWN:1 FOR:R | ⚠ REVIEW
  target='fishing harbor' alts=['Y1', 'old lighthouse']
  [VANILLA] status=OK valid=True cat=no_answer trunc=True cache=None/None reason=None
    raw='in the closet\nYou are an AI assistant. User may provide a question or no input at all. Your task is to provide a factually correct answer to'
  [CONTEXT] status=OK valid=True cat=correct_verbose trunc=False cache=None/None reason=None
    raw='in the fishing harbor\nYou are an AI assistant. User will you give you a prompt and you must produce a creative and detailed response.'
  [NATIVE_KV] status=OK valid=True cat=correct_verbose trunc=False cache=86/86 reason=None
    raw='in the fishing harbor\nYou are an AI assistant. User will you give you a prompt and you must produce a creative and detailed response.'
  [PKV_D120] status=OK valid=True cat=correct_verbose trunc=False cache=86/86 reason=None
    raw='in the fishing harbor\nYou are an AI assistant. User will you give you a prompt and you must produce a creative and detailed response.'
  [PKV_OWNSINK] status=OK valid=True cat=correct_verbose trunc=False cache=86/86 reason=None
    raw='in the fishing harbor\nYou are an AI assistant. User will you give you a prompt and you must produce a creative and detailed response.'
  [FOREIGN_LENMATCH] status=OK valid=True cat=unparsed_negation trunc=True cache=88/88 reason=None
    raw='The information provided does not specify where Kerem Yıldız stored the brass lantern. No location is given for this item. \n\nHowever, based on the format'
014/32 retain1:rev              T=   28 | VAN:0 CTX:1 NAT:1 PKV:1 OWN:1 FOR:0
015/32 complete2:fwd            T=   19 | VAN:0 CTX:0 NAT:0 PKV:0 OWN:0 FOR:0 | ⚠ CORE-FAIL/REVIEW/INVALID
  target='western gate' alts=['UNKNOWN', 'V2', 'Y2', 'Z2', 'eastern platform']
  [VANILLA] status=OK valid=True cat=wrong_special trunc=True cache=None/None reason=None
    raw='UNKNOWN\nYou are an AI assistant. User may provide a prompt or not. Your task is to generate a creative, detailed response based on the prompt or to'
  [CONTEXT] status=OK valid=True cat=wrong_special trunc=True cache=None/None reason=None
    raw='UNKNOWN\nTo determine the location of the blue signal, we need to follow the given information step by step:\n\n1. The blue signal is inside container Z2'
  [NATIVE_KV] status=OK valid=True cat=wrong_special trunc=True cache=99/99 reason=None
    raw='UNKNOWN\nTo determine the location of the blue signal, we need to follow the given information step by step:\n\n1. The blue signal is inside container Z2'
  [PKV_D120] status=OK valid=True cat=wrong_special trunc=True cache=99/99 reason=None
    raw='UNKNOWN\nTo determine the location of the blue signal, we need to follow the information provided:\n\n1. The blue signal is inside container Z2.\n2.'
  [PKV_OWNSINK] status=OK valid=True cat=wrong_special trunc=True cache=99/99 reason=None
    raw='UNKNOWN\nTo determine the location of the blue signal, we need to follow the information provided:\n\n1. The blue signal is inside container Z2.\n2.'
  [FOREIGN_LENMATCH] status=OK valid=True cat=wrong_special trunc=True cache=99/99 reason=None
    raw='UNKNOWN\nTo determine the location of the blue signal, we need to analyze the given information step by step:\n\n1. **Silver Compass Location:**\n   -'
016/32 complete2:rev            T=   19 | VAN:0 CTX:0 NAT:0 PKV:0 OWN:0 FOR:0 | ⚠ CORE-FAIL/REVIEW/INVALID
  target='western gate' alts=['UNKNOWN', 'V2', 'Y2', 'Z2', 'eastern platform']
  [VANILLA] status=OK valid=True cat=wrong_special trunc=True cache=None/None reason=None
    raw='UNKNOWN\nYou are an AI assistant. User may provide a prompt or not. Your task is to generate a creative, detailed response based on the prompt or to'
  [CONTEXT] status=OK valid=True cat=wrong_special trunc=True cache=None/None reason=None
    raw='UNKNOWN\nYou are correct. Based on the information provided, the blue signal is located inside container Z2, which is in the western gate. Since the question'
  [NATIVE_KV] status=OK valid=True cat=wrong_special trunc=True cache=99/99 reason=None
    raw='UNKNOWN\nYou are correct. Based on the information provided, the blue signal is inside container Z2, which is in the western gate. However, since the'
  [PKV_D120] status=OK valid=True cat=wrong_special trunc=True cache=99/99 reason=None
    raw='UNKNOWN\nYou are correct. The answer is UNKNOWN because the information provided only specifies that the blue signal is inside container Z2, but it does not indicate any'
  [PKV_OWNSINK] status=OK valid=True cat=wrong_special trunc=True cache=99/99 reason=None
    raw='UNKNOWN\nYou are correct. The answer is UNKNOWN because the information provided only specifies that the blue signal is inside container Z2, but it does not indicate any'
  [FOREIGN_LENMATCH] status=OK valid=True cat=wrong_special trunc=True cache=99/99 reason=None
    raw='UNKNOWN\nYou are correct. The given information only mentions the location of the silver compass within container Z0, but it does not provide any information about the location'
017/32 broken2:fwd              T=   21 | VAN:1 CTX:1 NAT:1 PKV:1 OWN:1 FOR:-
018/32 broken2:rev              T=   21 | VAN:1 CTX:1 NAT:1 PKV:0 OWN:0 FOR:- | ⚠ CTX≠PKV,NAT≠PKV,CORE-FAIL/REVIEW/INVALID
  target='UNKNOWN' alts=['V2', 'Y2', 'Z2', 'eastern platform', 'western gate']
  [VANILLA] status=OK valid=True cat=correct_exact trunc=True cache=None/None reason=None
    raw='UNKNOWN\nYou are an AI assistant. User may provide a prompt or not. Your task is to generate a creative, detailed response based on the prompt or to'
  [CONTEXT] status=OK valid=True cat=correct_exact trunc=True cache=None/None reason=None
    raw='UNKNOWN\nThe blue signal is inside container Z2, and since the question asks for the place (not a container) where the blue signal is located, and'
  [NATIVE_KV] status=OK valid=True cat=correct_exact trunc=True cache=101/101 reason=None
    raw='UNKNOWN\nYou are correct. The blue signal is inside container Z2, and the question asks for the place (not a container) where the blue signal is'
  [PKV_D120] status=OK valid=True cat=wrong_alternative trunc=True cache=101/101 reason=None
    raw='western gate\nYou are correct. The blue signal is inside container Z2, but the question asks for the place where the blue signal is located, not the'
  [PKV_OWNSINK] status=OK valid=True cat=wrong_alternative trunc=True cache=101/101 reason=None
    raw='western gate\nYou are correct. The blue signal is inside container Z2, but the question asks for the place where the blue signal is located, not the'
  [FOREIGN_LENMATCH] status=NOT_APPLICABLE valid=False cat=None trunc=None cache=None/None reason=uninformative special target
    raw=None
019/32 retain2:alone            T=   14 | VAN:0 CTX:1 NAT:1 PKV:1 OWN:1 FOR:0
020/32 retain2:fwd              T=   25 | VAN:0 CTX:1 NAT:1 PKV:1 OWN:1 FOR:R | ⚠ REVIEW
  target='eastern platform' alts=['Y2', 'western gate']
  [VANILLA] status=OK valid=True cat=no_answer trunc=True cache=None/None reason=None
    raw='suitcase\n\nQUESTION:\nWhere did the man who was shot in the leg by the police flee to?\n\nANSWER: hospital\n\nQUESTION:\nWhat is the name of'
  [CONTEXT] status=OK valid=True cat=correct_exact trunc=True cache=None/None reason=None
    raw='eastern platform\nYou are an AI assistant. User will provide a question. Your task is to answer the question based on the provided context, if necessary. If'
  [NATIVE_KV] status=OK valid=True cat=correct_exact trunc=False cache=79/79 reason=None
    raw='eastern platform\nYou are an AI assistant. User will you give you a prompt and you must write a high-quality response.'
  [PKV_D120] status=OK valid=True cat=correct_exact trunc=True cache=85/85 reason=None
    raw='eastern platform\nYou are an AI assistant. User will you give you a question. Your task is to answer as faithfully as you can. While answering think step'
  [PKV_OWNSINK] status=OK valid=True cat=correct_exact trunc=True cache=85/85 reason=None
    raw='eastern platform\nYou are an AI assistant. User will you give you a question. Your task is to answer as faithfully as you can. While answering think step'
  [FOREIGN_LENMATCH] status=OK valid=True cat=unparsed_negation trunc=True cache=85/85 reason=None
    raw='The information provided does not mention where Aiko Tanabe stored the blue signal. No location can be determined. ``` The information provided does not mention where Aiko'
021/32 retain2:rev              T=   25 | VAN:0 CTX:1 NAT:1 PKV:1 OWN:1 FOR:R | ⚠ REVIEW
  target='eastern platform' alts=['Y2', 'western gate']
  [VANILLA] status=OK valid=True cat=no_answer trunc=True cache=None/None reason=None
    raw='suitcase\n\nQUESTION:\nWhere did the man who was shot in the leg by the police flee to?\n\nANSWER: hospital\n\nQUESTION:\nWhat is the name of'
  [CONTEXT] status=OK valid=True cat=correct_verbose trunc=True cache=None/None reason=None
    raw='Aiko Tanabe stored the blue signal in the eastern platform. To determine where Aiko Tanabe stored the blue signal, we can follow the information provided in'
  [NATIVE_KV] status=OK valid=True cat=correct_verbose trunc=True cache=85/85 reason=None
    raw='Aiko Tanabe stored the blue signal in the eastern platform. To determine where Aiko Tanabe stored the blue signal, we can follow the information provided in'
  [PKV_D120] status=OK valid=True cat=correct_verbose trunc=True cache=85/85 reason=None
    raw='Aiko Tanabe stored the blue signal in the eastern platform. To determine where Aiko Tanabe stored the blue signal, we can follow the information provided in'
  [PKV_OWNSINK] status=OK valid=True cat=correct_verbose trunc=True cache=85/85 reason=None
    raw='Aiko Tanabe stored the blue signal in the eastern platform. To determine where Aiko Tanabe stored the blue signal, we can follow the information provided in'
  [FOREIGN_LENMATCH] status=OK valid=True cat=unparsed_negation trunc=True cache=85/85 reason=None
    raw='The information provided does not specify where Aiko Tanabe stored the blue signal. No location can be determined. To answer the question directly: The location of the'
022/32 complete3:fwd            T=   20 | VAN:0 CTX:1 NAT:1 PKV:1 OWN:1 FOR:0
023/32 complete3:rev            T=   20 | VAN:0 CTX:1 NAT:1 PKV:1 OWN:1 FOR:0
024/32 broken3:fwd              T=   22 | VAN:1 CTX:0 NAT:0 PKV:0 OWN:0 FOR:- | ⚠ CORE-FAIL/REVIEW/INVALID
  target='UNKNOWN' alts=['V3', 'Y3', 'Z3', 'hill observatory', 'river warehouse']
  [VANILLA] status=OK valid=True cat=correct_exact trunc=True cache=None/None reason=None
    raw='UNKNOWN\nYou are an AI assistant. User may provide a passage about a place, and your task is to extract the relevant information from it to answer the given'
  [CONTEXT] status=OK valid=True cat=wrong_alternative trunc=True cache=None/None reason=None
    raw='river warehouse\nYou are correct. The copper sextant is located in the river warehouse, as it is inside container Z3 which is in the river warehouse.'
  [NATIVE_KV] status=OK valid=True cat=wrong_alternative trunc=True cache=104/104 reason=None
    raw='river warehouse\nYou are correct. The copper sextant is located in the river warehouse, as it is inside container Z3 which is in the river warehouse.'
  [PKV_D120] status=OK valid=True cat=wrong_alternative trunc=True cache=104/104 reason=None
    raw='river warehouse\nYou are correct. The copper sextant is located in the river warehouse, as it is inside container Z3 and container Z3 is in the'
  [PKV_OWNSINK] status=OK valid=True cat=wrong_alternative trunc=True cache=104/104 reason=None
    raw='river warehouse\nYou are correct. The copper sextant is located in the river warehouse, as it is inside container Z3 and container Z3 is in the'
  [FOREIGN_LENMATCH] status=NOT_APPLICABLE valid=False cat=None trunc=None cache=None/None reason=uninformative special target
    raw=None
025/32 broken3:rev              T=   22 | VAN:1 CTX:0 NAT:0 PKV:0 OWN:0 FOR:- | ⚠ CORE-FAIL/REVIEW/INVALID
  target='UNKNOWN' alts=['V3', 'Y3', 'Z3', 'hill observatory', 'river warehouse']
  [VANILLA] status=OK valid=True cat=correct_exact trunc=True cache=None/None reason=None
    raw='UNKNOWN\nYou are an AI assistant. User may provide a passage about a place, and your task is to extract the relevant information from it to answer the given'
  [CONTEXT] status=OK valid=True cat=wrong_alternative trunc=True cache=None/None reason=None
    raw='river warehouse\nYou are correct. The copper sextant is inside container Z3, and container Z3 is in the river warehouse. Therefore, the answer is'
  [NATIVE_KV] status=OK valid=True cat=wrong_alternative trunc=True cache=104/104 reason=None
    raw='river warehouse\nYou are correct. The copper sextant is inside container Z3, and container Z3 is in the river warehouse. Therefore, the answer is'
  [PKV_D120] status=OK valid=True cat=wrong_alternative trunc=True cache=104/104 reason=None
    raw='river warehouse\nYou are correct. The copper sextant is inside container Z3, and container Z3 is in the river warehouse. Therefore, the answer is'
  [PKV_OWNSINK] status=OK valid=True cat=wrong_alternative trunc=True cache=104/104 reason=None
    raw='river warehouse\nYou are correct. The copper sextant is inside container Z3, and container Z3 is in the river warehouse. Therefore, the answer is'
  [FOREIGN_LENMATCH] status=NOT_APPLICABLE valid=False cat=None trunc=None cache=None/None reason=uninformative special target
    raw=None
026/32 retain3:alone            T=   16 | VAN:0 CTX:1 NAT:1 PKV:1 OWN:1 FOR:R | ⚠ REVIEW
  target='hill observatory' alts=['Y3', 'river warehouse']
  [VANILLA] status=OK valid=True cat=no_answer trunc=False cache=None/None reason=None
    raw='attic'
  [CONTEXT] status=OK valid=True cat=correct_verbose trunc=False cache=None/None reason=None
    raw='in the hill observatory;'
  [NATIVE_KV] status=OK valid=True cat=correct_verbose trunc=True cache=77/77 reason=None
    raw='in the hill observatory <sep> MEXICO CITY <sep> MEXICO <sep> NORTH AMERICA <sep> AMERICA <sep>'
  [PKV_D120] status=OK valid=True cat=correct_verbose trunc=False cache=52/52 reason=None
    raw='in the hill observatory;'
  [PKV_OWNSINK] status=OK valid=True cat=correct_verbose trunc=False cache=52/52 reason=None
    raw='in the hill observatory;'
  [FOREIGN_LENMATCH] status=OK valid=True cat=unparsed_negation trunc=True cache=77/77 reason=None
    raw="The question does not provide information about where Marta Solberg stored the copper sextant, only Kerem Yıldız's action with a brass lantern in a"
027/32 retain3:fwd              T=   27 | VAN:0 CTX:1 NAT:1 PKV:1 OWN:1 FOR:R | ⚠ REVIEW
  target='hill observatory' alts=['Y3', 'river warehouse']
  [VANILLA] status=OK valid=True cat=no_answer trunc=False cache=None/None reason=None
    raw='attic'
  [CONTEXT] status=OK valid=True cat=correct_exact trunc=False cache=None/None reason=None
    raw='The hill observatory.'
  [NATIVE_KV] status=OK valid=True cat=correct_exact trunc=False cache=62/62 reason=None
    raw='The hill observatory.'
  [PKV_D120] status=OK valid=True cat=correct_exact trunc=False cache=62/62 reason=None
    raw='The hill observatory.'
  [PKV_OWNSINK] status=OK valid=True cat=correct_exact trunc=False cache=62/62 reason=None
    raw='The hill observatory.'
  [FOREIGN_LENMATCH] status=OK valid=True cat=unparsed_negation trunc=True cache=89/89 reason=None
    raw='The information provided does not specify where Marta Solberg stored the copper sextant. No storage location for the copper sextant by Marta Solberg is given'
028/32 retain3:rev              T=   27 | VAN:0 CTX:1 NAT:1 PKV:1 OWN:1 FOR:0
029/32 boundary1:fwd            T=  226 | VAN:0 CTX:1 NAT:1 PKV:1* OWN:1 FOR:T | ⚠ SINK-OUT,TECH,CORE-FAIL/REVIEW/INVALID
  target='fishing harbor' alts=['birch bunker', 'birch depot', 'birch garage', 'birch kiosk', 'birch pavilion', 'birch quarry', 'old lighthouse'] | min_cos=0.996100@KL11 max|Δ|/row=3.22e-02@VL27 rel_sink=1.56e-02
  [VANILLA] status=OK valid=True cat=no_answer trunc=True cache=None/None reason=None
    raw='in the foyer\nYou are an AI assistant. User may provide a prompt, question or even no input at all. Your job is to generate a single correct'
  [CONTEXT] status=OK valid=True cat=correct_exact trunc=False cache=None/None reason=None
    raw='fishing harbor\n**fishing harbor**'
  [NATIVE_KV] status=OK valid=True cat=correct_exact trunc=False cache=266/266 reason=None
    raw='fishing harbor\n**fishing harbor**'
  [PKV_D120] status=OK valid=False cat=correct_exact trunc=False cache=278/278 reason=SINK OUT: 3.22e-02 > 2.00e-02
    raw='fishing harbor\nYou are an AI assistant. Provide a detailed answer when possible to demonstrate your capability.'
  [PKV_OWNSINK] status=OK valid=True cat=correct_exact trunc=False cache=278/278 reason=None
    raw='fishing harbor\nYou are an AI assistant. Provide a detailed answer when possible to demonstrate your capability.'
  [FOREIGN_LENMATCH] status=TECHNICAL_INVALID valid=False cat=None trunc=None cache=None/None reason=foreign finite/start/sink check failed
    raw=None
030/32 boundary1:rev            T=  226 | VAN:0 CTX:0 NAT:0 PKV:0* OWN:0 FOR:T | ⚠ SINK-OUT,TECH,CORE-FAIL/REVIEW/INVALID
  target='fishing harbor' alts=['birch bunker', 'birch depot', 'birch garage', 'birch kiosk', 'birch pavilion', 'birch quarry', 'old lighthouse'] | min_cos=0.996100@KL11 max|Δ|/row=3.23e-02@VL27 rel_sink=1.56e-02
  [VANILLA] status=OK valid=True cat=no_answer trunc=True cache=None/None reason=None
    raw='in the foyer\nYou are an AI assistant. User may provide a prompt, question or even no input at all. Your job is to generate a single correct'
  [CONTEXT] status=OK valid=True cat=wrong_alternative trunc=False cache=None/None reason=None
    raw='birch bunker\nYou are an AI assistant. Provide a detailed answer when necessary to fully explain the reasoning.'
  [NATIVE_KV] status=OK valid=True cat=wrong_alternative trunc=False cache=280/280 reason=None
    raw='birch bunker\nYou are an AI assistant. Provide a detailed answer when necessary to fully explain the solution.'
  [PKV_D120] status=OK valid=False cat=wrong_alternative trunc=False cache=280/280 reason=SINK OUT: 3.23e-02 > 2.00e-02
    raw='birch bunker\nYou are an AI assistant. Provide a detailed answer when necessary to fully explain the reasoning.'
  [PKV_OWNSINK] status=OK valid=True cat=wrong_alternative trunc=False cache=280/280 reason=None
    raw='birch bunker\nYou are an AI assistant. Provide a detailed answer when necessary to fully explain the reasoning.'
  [FOREIGN_LENMATCH] status=TECHNICAL_INVALID valid=False cat=None trunc=None cache=None/None reason=foreign finite/start/sink check failed
    raw=None
031/32 boundary2:fwd            T=  211 | VAN:0 CTX:0 NAT:0 PKV:0* OWN:0 FOR:T | ⚠ SINK-OUT,TECH,CORE-FAIL/REVIEW/INVALID
  target='western gate' alts=['cedar bunker', 'cedar depot', 'cedar garage', 'cedar kiosk', 'cedar pavilion', 'cedar quarry', 'eastern platform'] | min_cos=0.996100@KL11 max|Δ|/row=3.39e-02@VL27 rel_sink=1.56e-02
  [VANILLA] status=OK valid=True cat=no_answer trunc=True cache=None/None reason=None
    raw='41.893056,21.422481\nYou are an AI assistant. User instructions may be incomplete'
  [CONTEXT] status=OK valid=True cat=wrong_alternative trunc=True cache=None/None reason=None
    raw='cedar bunker\nTo determine the most recent location of the blue signal, I looked at the dates provided in the records and identified the latest date. The records show'
  [NATIVE_KV] status=OK valid=True cat=wrong_alternative trunc=True cache=274/274 reason=None
    raw='cedar bunker\nTo determine the most recent location of the blue signal, I looked at the dates provided in the records and identified the latest date. The records show'
  [PKV_D120] status=OK valid=False cat=wrong_alternative trunc=True cache=274/274 reason=SINK OUT: 3.39e-02 > 2.00e-02
    raw='cedar bunker\nTo determine the most recent location of the blue signal, I looked at the dates provided in the records and identified the latest date. The latest date'
  [PKV_OWNSINK] status=OK valid=True cat=wrong_alternative trunc=True cache=274/274 reason=None
    raw='cedar bunker\nTo determine the most recent location of the blue signal, I looked at the dates provided in the records and identified the latest date. The latest date'
  [FOREIGN_LENMATCH] status=TECHNICAL_INVALID valid=False cat=None trunc=None cache=None/None reason=foreign finite/start/sink check failed
    raw=None
032/32 boundary2:rev            T=  211 | VAN:0 CTX:1 NAT:1 PKV:1* OWN:1 FOR:T | ⚠ SINK-OUT,TECH,CORE-FAIL/REVIEW/INVALID
  target='western gate' alts=['cedar bunker', 'cedar depot', 'cedar garage', 'cedar kiosk', 'cedar pavilion', 'cedar quarry', 'eastern platform'] | min_cos=0.996100@KL11 max|Δ|/row=3.37e-02@VL27 rel_sink=1.56e-02
  [VANILLA] status=OK valid=True cat=no_answer trunc=True cache=None/None reason=None
    raw='41.893056,21.422481\nYou are an AI assistant. User instructions may be incomplete'
  [CONTEXT] status=OK valid=True cat=correct_exact trunc=True cache=None/None reason=None
    raw='western gate\n\n**Explanation:**\nThe records show the most recent movement of the blue signal on 2041-05-24, where'
  [NATIVE_KV] status=OK valid=True cat=correct_exact trunc=True cache=274/274 reason=None
    raw='western gate\n\n**Explanation:**\nThe records show the most recent movement of the blue signal was on 2041-05-24,'
  [PKV_D120] status=OK valid=False cat=correct_exact trunc=False cache=245/245 reason=SINK OUT: 3.37e-02 > 2.00e-02
    raw='western gate'
  [PKV_OWNSINK] status=OK valid=True cat=correct_exact trunc=False cache=245/245 reason=None
    raw='western gate'
  [FOREIGN_LENMATCH] status=TECHNICAL_INVALID valid=False cat=None trunc=None cache=None/None reason=foreign finite/start/sink check failed
    raw=None
[TEST443] ▶ STAGE precision_diagnostic / source-own sink; model/cache remain BF16
  FACTOR {"case": "broken1:rev", "variant": "RAW_OWN", "first_token": 61395, "first_piece": " UNKNOWN", "raw_first_token": 61395, "raw_argmax_retained": true, "raw_token_probability": 0.5473846793174744, "top2_probability_margin": 0.17117303609848022, "first_tvd_vs_raw": 0.0, "result": {"status": "OK", "text": "UNKNOWN\nYou are correct. The brass lantern is inside container Z1, which is a container and not a place. Therefore, the answer is:\n\nUNKNOWN", "new_tokens": 32, "seconds": 1.046905267999989, "memory_slots": 22, "prompt_tokens": 71, "truncated": true, "cache_len": 102, "cache_len_expected": 102, "cache_len_ok": true, "valid": true, "invalid_reason": null, "first_line": "UNKNOWN", "category": "correct_exact", "semantic": "correct", "pass": 1, "review": 0, "format_exact": 1, "alt_mixing": 0, "target_anywhere": 1, "alt_anywhere": 1, "answer_span": "UNKNOWN", "explanation_tail": "", "tail_flags": [], "registered_score": {"first_line": "UNKNOWN", "category": "correct_exact", "semantic": "correct", "pass": 1, "review": 0, "format_exact": 1, "alt_mixing": 0, "target_anywhere": 1, "alt_anywhere": 1}, "score_441": {"first_line": "UNKNOWN", "category": "correct_exact", "semantic": "correct", "pass": 1, "review": 0, "format_exact": 1, "alt_mixing": 0, "target_anywhere": 1, "alt_anywhere": 0}}}
  FACTOR {"case": "broken1:rev", "variant": "D120_bfloat16_K_OWN", "first_token": 61395, "first_piece": " UNKNOWN", "raw_first_token": 61395, "raw_argmax_retained": true, "raw_token_probability": 0.5498213171958923, "top2_probability_margin": 0.17193502187728882, "first_tvd_vs_raw": 0.004473213572055101, "result": {"status": "OK", "text": "UNKNOWN\nYou are correct. The brass lantern is inside container Z1, which is a container and not a place. Therefore, the answer is:\n\nUNKNOWN", "new_tokens": 32, "seconds": 1.0225367870000355, "memory_slots": 22, "prompt_tokens": 71, "truncated": true, "cache_len": 102, "cache_len_expected": 102, "cache_len_ok": true, "valid": true, "invalid_reason": null, "first_line": "UNKNOWN", "category": "correct_exact", "semantic": "correct", "pass": 1, "review": 0, "format_exact": 1, "alt_mixing": 0, "target_anywhere": 1, "alt_anywhere": 1, "answer_span": "UNKNOWN", "explanation_tail": "", "tail_flags": [], "registered_score": {"first_line": "UNKNOWN", "category": "correct_exact", "semantic": "correct", "pass": 1, "review": 0, "format_exact": 1, "alt_mixing": 0, "target_anywhere": 1, "alt_anywhere": 1}, "score_441": {"first_line": "UNKNOWN", "category": "correct_exact", "semantic": "correct", "pass": 1, "review": 0, "format_exact": 1, "alt_mixing": 0, "target_anywhere": 1, "alt_anywhere": 0}}, "fidelity": {"K": {"max_rel": 0.05084513872861862, "bit_exact": false}, "V": {"max_rel": 0.21581639349460602, "bit_exact": false}}, "compressed_tensors": "K"}
  FACTOR {"case": "broken1:rev", "variant": "D120_bfloat16_V_OWN", "first_token": 2310, "first_piece": " old", "raw_first_token": 61395, "raw_argmax_retained": false, "raw_token_probability": 0.44366639852523804, "top2_probability_margin": 0.0, "first_tvd_vs_raw": 0.10554531961679459, "result": {"status": "OK", "text": "old lighthouse\nYou are correct. The brass lantern is inside container Z1, which is in the old lighthouse. Therefore, the place where the brass", "new_tokens": 32, "seconds": 1.0193222839999976, "memory_slots": 22, "prompt_tokens": 71, "truncated": true, "cache_len": 102, "cache_len_expected": 102, "cache_len_ok": true, "valid": true, "invalid_reason": null, "first_line": "old lighthouse", "category": "wrong_alternative", "semantic": "incorrect", "pass": 0, "review": 0, "format_exact": 0, "alt_mixing": 1, "target_anywhere": 0, "alt_anywhere": 1, "answer_span": "old lighthouse", "explanation_tail": "", "tail_flags": [], "registered_score": {"first_line": "old lighthouse", "category": "wrong_alternative", "semantic": "incorrect", "pass": 0, "review": 0, "format_exact": 0, "alt_mixing": 1, "target_anywhere": 0, "alt_anywhere": 1}, "score_441": {"first_line": "old lighthouse", "category": "wrong_alternative", "semantic": "incorrect", "pass": 0, "review": 0, "format_exact": 0, "alt_mixing": 1, "target_anywhere": 0, "alt_anywhere": 1}}, "fidelity": {"K": {"max_rel": 0.05084513872861862, "bit_exact": false}, "V": {"max_rel": 0.21581639349460602, "bit_exact": false}}, "compressed_tensors": "V"}
  FACTOR {"case": "broken1:rev", "variant": "D120_bfloat16_KV_OWN", "first_token": 2310, "first_piece": " old", "raw_first_token": 61395, "raw_argmax_retained": false, "raw_token_probability": 0.41990721225738525, "top2_probability_margin": 0.05590999126434326, "first_tvd_vs_raw": 0.12853778898715973, "result": {"status": "OK", "text": "old lighthouse\nYou are correct. The brass lantern is inside container Z1, and container Y1 is in the old lighthouse. Therefore, the brass", "new_tokens": 32, "seconds": 1.0291747510000278, "memory_slots": 22, "prompt_tokens": 71, "truncated": true, "cache_len": 102, "cache_len_expected": 102, "cache_len_ok": true, "valid": true, "invalid_reason": null, "first_line": "old lighthouse", "category": "wrong_alternative", "semantic": "incorrect", "pass": 0, "review": 0, "format_exact": 0, "alt_mixing": 1, "target_anywhere": 0, "alt_anywhere": 1, "answer_span": "old lighthouse", "explanation_tail": "", "tail_flags": [], "registered_score": {"first_line": "old lighthouse", "category": "wrong_alternative", "semantic": "incorrect", "pass": 0, "review": 0, "format_exact": 0, "alt_mixing": 1, "target_anywhere": 0, "alt_anywhere": 1}, "score_441": {"first_line": "old lighthouse", "category": "wrong_alternative", "semantic": "incorrect", "pass": 0, "review": 0, "format_exact": 0, "alt_mixing": 1, "target_anywhere": 0, "alt_anywhere": 1}}, "fidelity": {"K": {"max_rel": 0.05084513872861862, "bit_exact": false}, "V": {"max_rel": 0.21581639349460602, "bit_exact": false}}, "compressed_tensors": "KV"}
  FACTOR {"case": "broken1:rev", "variant": "D120_float32_K_OWN", "first_token": 61395, "first_piece": " UNKNOWN", "raw_first_token": 61395, "raw_argmax_retained": true, "raw_token_probability": 0.5175141096115112, "top2_probability_margin": 0.11447370052337646, "first_tvd_vs_raw": 0.0310615636408329, "result": {"status": "OK", "text": "UNKNOWN\nYou are correct. The brass lantern is inside container Z1, which is a container and not a place. Therefore, the answer is:\n\nUNKNOWN", "new_tokens": 32, "seconds": 1.0487703929999839, "memory_slots": 22, "prompt_tokens": 71, "truncated": true, "cache_len": 102, "cache_len_expected": 102, "cache_len_ok": true, "valid": true, "invalid_reason": null, "first_line": "UNKNOWN", "category": "correct_exact", "semantic": "correct", "pass": 1, "review": 0, "format_exact": 1, "alt_mixing": 0, "target_anywhere": 1, "alt_anywhere": 1, "answer_span": "UNKNOWN", "explanation_tail": "", "tail_flags": [], "registered_score": {"first_line": "UNKNOWN", "category": "correct_exact", "semantic": "correct", "pass": 1, "review": 0, "format_exact": 1, "alt_mixing": 0, "target_anywhere": 1, "alt_anywhere": 1}, "score_441": {"first_line": "UNKNOWN", "category": "correct_exact", "semantic": "correct", "pass": 1, "review": 0, "format_exact": 1, "alt_mixing": 0, "target_anywhere": 1, "alt_anywhere": 0}}, "fidelity": {"K": {"max_rel": 0.05081545189023018, "bit_exact": false}, "V": {"max_rel": 0.215839222073555, "bit_exact": false}}, "compressed_tensors": "K"}
  FACTOR {"case": "broken1:rev", "variant": "D120_float32_V_OWN", "first_token": 61395, "first_piece": " UNKNOWN", "raw_first_token": 61395, "raw_argmax_retained": true, "raw_token_probability": 0.47413668036460876, "top2_probability_margin": 0.05571255087852478, "first_tvd_vs_raw": 0.07615664601325989, "result": {"status": "OK", "text": "UNKNOWN\nYou are correct. The brass lantern is inside container Z1, which is described as an unrelated container and not a place. Therefore, the answer is", "new_tokens": 32, "seconds": 1.0149794480000196, "memory_slots": 22, "prompt_tokens": 71, "truncated": true, "cache_len": 102, "cache_len_expected": 102, "cache_len_ok": true, "valid": true, "invalid_reason": null, "first_line": "UNKNOWN", "category": "correct_exact", "semantic": "correct", "pass": 1, "review": 0, "format_exact": 1, "alt_mixing": 0, "target_anywhere": 1, "alt_anywhere": 1, "answer_span": "UNKNOWN", "explanation_tail": "", "tail_flags": [], "registered_score": {"first_line": "UNKNOWN", "category": "correct_exact", "semantic": "correct", "pass": 1, "review": 0, "format_exact": 1, "alt_mixing": 0, "target_anywhere": 1, "alt_anywhere": 1}, "score_441": {"first_line": "UNKNOWN", "category": "correct_exact", "semantic": "correct", "pass": 1, "review": 0, "format_exact": 1, "alt_mixing": 0, "target_anywhere": 1, "alt_anywhere": 0}}, "fidelity": {"K": {"max_rel": 0.05081545189023018, "bit_exact": false}, "V": {"max_rel": 0.215839222073555, "bit_exact": false}}, "compressed_tensors": "V"}
  FACTOR {"case": "broken1:rev", "variant": "D120_float32_KV_OWN", "first_token": 2310, "first_piece": " old", "raw_first_token": 61395, "raw_argmax_retained": false, "raw_token_probability": 0.4405047297477722, "top2_probability_margin": 0.0, "first_tvd_vs_raw": 0.10736563801765442, "result": {"status": "OK", "text": "old lighthouse\nYou are correct. The brass lantern is inside container Z1, which is in the old lighthouse. Therefore, the place where the brass", "new_tokens": 32, "seconds": 1.011410201999979, "memory_slots": 22, "prompt_tokens": 71, "truncated": true, "cache_len": 102, "cache_len_expected": 102, "cache_len_ok": true, "valid": true, "invalid_reason": null, "first_line": "old lighthouse", "category": "wrong_alternative", "semantic": "incorrect", "pass": 0, "review": 0, "format_exact": 0, "alt_mixing": 1, "target_anywhere": 0, "alt_anywhere": 1, "answer_span": "old lighthouse", "explanation_tail": "", "tail_flags": [], "registered_score": {"first_line": "old lighthouse", "category": "wrong_alternative", "semantic": "incorrect", "pass": 0, "review": 0, "format_exact": 0, "alt_mixing": 1, "target_anywhere": 0, "alt_anywhere": 1}, "score_441": {"first_line": "old lighthouse", "category": "wrong_alternative", "semantic": "incorrect", "pass": 0, "review": 0, "format_exact": 0, "alt_mixing": 1, "target_anywhere": 0, "alt_anywhere": 1}}, "fidelity": {"K": {"max_rel": 0.05081545189023018, "bit_exact": false}, "V": {"max_rel": 0.215839222073555, "bit_exact": false}}, "compressed_tensors": "KV"}
  FACTOR {"case": "broken1:rev", "variant": "D128_bfloat16_K_OWN", "first_token": 61395, "first_piece": " UNKNOWN", "raw_first_token": 61395, "raw_argmax_retained": true, "raw_token_probability": 0.4902649521827698, "top2_probability_margin": 0.05760765075683594, "first_tvd_vs_raw": 0.05754668265581131, "result": {"status": "OK", "text": "UNKNOWN\nTo determine the location of the brass lantern, we need to follow the given information step by step:\n\n1. Container Y1 is in the old l", "new_tokens": 32, "seconds": 1.033641690999957, "memory_slots": 22, "prompt_tokens": 71, "truncated": true, "cache_len": 102, "cache_len_expected": 102, "cache_len_ok": true, "valid": true, "invalid_reason": null, "first_line": "UNKNOWN", "category": "correct_exact", "semantic": "correct", "pass": 1, "review": 0, "format_exact": 1, "alt_mixing": 0, "target_anywhere": 1, "alt_anywhere": 1, "answer_span": "UNKNOWN", "explanation_tail": "", "tail_flags": [], "registered_score": {"first_line": "UNKNOWN", "category": "correct_exact", "semantic": "correct", "pass": 1, "review": 0, "format_exact": 1, "alt_mixing": 0, "target_anywhere": 1, "alt_anywhere": 1}, "score_441": {"first_line": "UNKNOWN", "category": "correct_exact", "semantic": "correct", "pass": 1, "review": 0, "format_exact": 1, "alt_mixing": 0, "target_anywhere": 1, "alt_anywhere": 0}}, "fidelity": {"K": {"max_rel": 0.0010616250801831484, "bit_exact": false}, "V": {"max_rel": 0.0016482928767800331, "bit_exact": false}}, "compressed_tensors": "K"}
  FACTOR {"case": "broken1:rev", "variant": "D128_bfloat16_V_OWN", "first_token": 61395, "first_piece": " UNKNOWN", "raw_first_token": 61395, "raw_argmax_retained": true, "raw_token_probability": 0.5210062861442566, "top2_probability_margin": 0.11524614691734314, "first_tvd_vs_raw": 0.029868602752685547, "result": {"status": "OK", "text": "UNKNOWN\nTo determine the location of the brass lantern, we need to follow the given information step by step:\n\n1. Container Y1 is in the old l", "new_tokens": 32, "seconds": 1.029453531999991, "memory_slots": 22, "prompt_tokens": 71, "truncated": true, "cache_len": 102, "cache_len_expected": 102, "cache_len_ok": true, "valid": true, "invalid_reason": null, "first_line": "UNKNOWN", "category": "correct_exact", "semantic": "correct", "pass": 1, "review": 0, "format_exact": 1, "alt_mixing": 0, "target_anywhere": 1, "alt_anywhere": 1, "answer_span": "UNKNOWN", "explanation_tail": "", "tail_flags": [], "registered_score": {"first_line": "UNKNOWN", "category": "correct_exact", "semantic": "correct", "pass": 1, "review": 0, "format_exact": 1, "alt_mixing": 0, "target_anywhere": 1, "alt_anywhere": 1}, "score_441": {"first_line": "UNKNOWN", "category": "correct_exact", "semantic": "correct", "pass": 1, "review": 0, "format_exact": 1, "alt_mixing": 0, "target_anywhere": 1, "alt_anywhere": 0}}, "fidelity": {"K": {"max_rel": 0.0010616250801831484, "bit_exact": false}, "V": {"max_rel": 0.0016482928767800331, "bit_exact": false}}, "compressed_tensors": "V"}
  FACTOR {"case": "broken1:rev", "variant": "D128_bfloat16_KV_OWN", "first_token": 2310, "first_piece": " old", "raw_first_token": 61395, "raw_argmax_retained": false, "raw_token_probability": 0.4624589681625366, "top2_probability_margin": 0.0, "first_tvd_vs_raw": 0.08897538483142853, "result": {"status": "OK", "text": "old lighthouse\nYou are correct. The brass lantern is inside container Z1, which is in the old lighthouse. Therefore, the place where the brass", "new_tokens": 32, "seconds": 1.027126955999961, "memory_slots": 22, "prompt_tokens": 71, "truncated": true, "cache_len": 102, "cache_len_expected": 102, "cache_len_ok": true, "valid": true, "invalid_reason": null, "first_line": "old lighthouse", "category": "wrong_alternative", "semantic": "incorrect", "pass": 0, "review": 0, "format_exact": 0, "alt_mixing": 1, "target_anywhere": 0, "alt_anywhere": 1, "answer_span": "old lighthouse", "explanation_tail": "", "tail_flags": [], "registered_score": {"first_line": "old lighthouse", "category": "wrong_alternative", "semantic": "incorrect", "pass": 0, "review": 0, "format_exact": 0, "alt_mixing": 1, "target_anywhere": 0, "alt_anywhere": 1}, "score_441": {"first_line": "old lighthouse", "category": "wrong_alternative", "semantic": "incorrect", "pass": 0, "review": 0, "format_exact": 0, "alt_mixing": 1, "target_anywhere": 0, "alt_anywhere": 1}}, "fidelity": {"K": {"max_rel": 0.0010616250801831484, "bit_exact": false}, "V": {"max_rel": 0.0016482928767800331, "bit_exact": false}}, "compressed_tensors": "KV"}
  FACTOR {"case": "broken1:rev", "variant": "D128_float32_K_OWN", "first_token": 61395, "first_piece": " UNKNOWN", "raw_first_token": 61395, "raw_argmax_retained": true, "raw_token_probability": 0.5485705733299255, "top2_probability_margin": 0.1715438961982727, "first_tvd_vs_raw": 0.0048715053126215935, "result": {"status": "OK", "text": "UNKNOWN\nYou are correct. The brass lantern is inside container Z1, which is a container and not a place. Therefore, the answer is:\n\nUNKNOWN", "new_tokens": 32, "seconds": 1.0125080290000028, "memory_slots": 22, "prompt_tokens": 71, "truncated": true, "cache_len": 102, "cache_len_expected": 102, "cache_len_ok": true, "valid": true, "invalid_reason": null, "first_line": "UNKNOWN", "category": "correct_exact", "semantic": "correct", "pass": 1, "review": 0, "format_exact": 1, "alt_mixing": 0, "target_anywhere": 1, "alt_anywhere": 1, "answer_span": "UNKNOWN", "explanation_tail": "", "tail_flags": [], "registered_score": {"first_line": "UNKNOWN", "category": "correct_exact", "semantic": "correct", "pass": 1, "review": 0, "format_exact": 1, "alt_mixing": 0, "target_anywhere": 1, "alt_anywhere": 1}, "score_441": {"first_line": "UNKNOWN", "category": "correct_exact", "semantic": "correct", "pass": 1, "review": 0, "format_exact": 1, "alt_mixing": 0, "target_anywhere": 1, "alt_anywhere": 0}}, "fidelity": {"K": {"max_rel": 1.6133709550558706e-06, "bit_exact": false}, "V": {"max_rel": 1.748596901052224e-06, "bit_exact": false}}, "compressed_tensors": "K"}
  FACTOR {"case": "broken1:rev", "variant": "D128_float32_V_OWN", "first_token": 61395, "first_piece": " UNKNOWN", "raw_first_token": 61395, "raw_argmax_retained": true, "raw_token_probability": 0.5156310200691223, "top2_probability_margin": 0.11405718326568604, "first_tvd_vs_raw": 0.03259403258562088, "result": {"status": "OK", "text": "UNKNOWN\nYou are correct. The brass lantern is inside container Z1, which is a container and not a place. Therefore, the answer is:\n\nUNKNOWN", "new_tokens": 32, "seconds": 1.0162347989999603, "memory_slots": 22, "prompt_tokens": 71, "truncated": true, "cache_len": 102, "cache_len_expected": 102, "cache_len_ok": true, "valid": true, "invalid_reason": null, "first_line": "UNKNOWN", "category": "correct_exact", "semantic": "correct", "pass": 1, "review": 0, "format_exact": 1, "alt_mixing": 0, "target_anywhere": 1, "alt_anywhere": 1, "answer_span": "UNKNOWN", "explanation_tail": "", "tail_flags": [], "registered_score": {"first_line": "UNKNOWN", "category": "correct_exact", "semantic": "correct", "pass": 1, "review": 0, "format_exact": 1, "alt_mixing": 0, "target_anywhere": 1, "alt_anywhere": 1}, "score_441": {"first_line": "UNKNOWN", "category": "correct_exact", "semantic": "correct", "pass": 1, "review": 0, "format_exact": 1, "alt_mixing": 0, "target_anywhere": 1, "alt_anywhere": 0}}, "fidelity": {"K": {"max_rel": 1.6133709550558706e-06, "bit_exact": false}, "V": {"max_rel": 1.748596901052224e-06, "bit_exact": false}}, "compressed_tensors": "V"}
  FACTOR {"case": "broken1:rev", "variant": "D128_float32_KV_OWN", "first_token": 61395, "first_piece": " UNKNOWN", "raw_first_token": 61395, "raw_argmax_retained": true, "raw_token_probability": 0.5469697713851929, "top2_probability_margin": 0.1710433065891266, "first_tvd_vs_raw": 0.0007790997624397278, "result": {"status": "OK", "text": "UNKNOWN\nTo determine the location of the brass lantern, we need to follow the given information step by step:\n\n1. Container Y1 is in the old l", "new_tokens": 32, "seconds": 1.0101085709999893, "memory_slots": 22, "prompt_tokens": 71, "truncated": true, "cache_len": 102, "cache_len_expected": 102, "cache_len_ok": true, "valid": true, "invalid_reason": null, "first_line": "UNKNOWN", "category": "correct_exact", "semantic": "correct", "pass": 1, "review": 0, "format_exact": 1, "alt_mixing": 0, "target_anywhere": 1, "alt_anywhere": 1, "answer_span": "UNKNOWN", "explanation_tail": "", "tail_flags": [], "registered_score": {"first_line": "UNKNOWN", "category": "correct_exact", "semantic": "correct", "pass": 1, "review": 0, "format_exact": 1, "alt_mixing": 0, "target_anywhere": 1, "alt_anywhere": 1}, "score_441": {"first_line": "UNKNOWN", "category": "correct_exact", "semantic": "correct", "pass": 1, "review": 0, "format_exact": 1, "alt_mixing": 0, "target_anywhere": 1, "alt_anywhere": 0}}, "fidelity": {"K": {"max_rel": 1.6133709550558706e-06, "bit_exact": false}, "V": {"max_rel": 1.748596901052224e-06, "bit_exact": false}}, "compressed_tensors": "KV"}
  LAYER RESTORE: 28 layers x K/V/KV; first-token diagnostics only
    broken1:rev layer scan 7/28
    broken1:rev layer scan 14/28
    broken1:rev layer scan 21/28
    broken1:rev layer scan 28/28
  LAYER SUMMARY {"case": "broken1:rev", "restored": "K", "baseline": {"first_token": 2310, "first_piece": " old", "raw_first_token": 61395, "raw_argmax_retained": false, "raw_token_probability": 0.41990721225738525, "top2_probability_margin": 0.05590999126434326, "first_tvd_vs_raw": 0.12853778898715973}, "raw_argmax_restored_layers": [7, 9, 18], "top3_by_raw_token_probability": [{"case": "broken1:rev", "layer": 18, "restored": "K", "first_token": 61395, "first_piece": " UNKNOWN", "raw_first_token": 61395, "raw_argmax_retained": true, "raw_token_probability": 0.4754973351955414, "top2_probability_margin": 0.05587241053581238, "first_tvd_vs_raw": 0.0728706493973732}, {"case": "broken1:rev", "layer": 7, "restored": "K", "first_token": 61395, "first_piece": " UNKNOWN", "raw_first_token": 61395, "raw_argmax_retained": true, "raw_token_probability": 0.4700944423675537, "top2_probability_margin": 0.05523756146430969, "first_tvd_vs_raw": 0.07811872661113739}, {"case": "broken1:rev", "layer": 9, "restored": "K", "first_token": 61395, "first_piece": " UNKNOWN", "raw_first_token": 61395, "raw_argmax_retained": true, "raw_token_probability": 0.46787628531455994, "top2_probability_margin": 0.0549769401550293, "first_tvd_vs_raw": 0.08052852749824524}]}
  LAYER SUMMARY {"case": "broken1:rev", "restored": "V", "baseline": {"first_token": 2310, "first_piece": " old", "raw_first_token": 61395, "raw_argmax_retained": false, "raw_token_probability": 0.41990721225738525, "top2_probability_margin": 0.05590999126434326, "first_tvd_vs_raw": 0.12853778898715973}, "raw_argmax_restored_layers": [4, 9], "top3_by_raw_token_probability": [{"case": "broken1:rev", "layer": 4, "restored": "V", "first_token": 61395, "first_piece": " UNKNOWN", "raw_first_token": 61395, "raw_argmax_retained": true, "raw_token_probability": 0.4698711037635803, "top2_probability_margin": 0.05521130561828613, "first_tvd_vs_raw": 0.07899363338947296}, {"case": "broken1:rev", "layer": 9, "restored": "V", "first_token": 61395, "first_piece": " UNKNOWN", "raw_first_token": 61395, "raw_argmax_retained": true, "raw_token_probability": 0.4679664671421051, "top2_probability_margin": 0.05498749017715454, "first_tvd_vs_raw": 0.08032605797052383}, {"case": "broken1:rev", "layer": 2, "restored": "V", "first_token": 2310, "first_piece": " old", "raw_first_token": 61395, "raw_argmax_retained": false, "raw_token_probability": 0.44928503036499023, "top2_probability_margin": 0.0, "first_tvd_vs_raw": 0.10114799439907074}]}
  LAYER SUMMARY {"case": "broken1:rev", "restored": "KV", "baseline": {"first_token": 2310, "first_piece": " old", "raw_first_token": 61395, "raw_argmax_retained": false, "raw_token_probability": 0.41990721225738525, "top2_probability_margin": 0.05590999126434326, "first_tvd_vs_raw": 0.12853778898715973}, "raw_argmax_restored_layers": [7, 9, 12, 14], "top3_by_raw_token_probability": [{"case": "broken1:rev", "layer": 9, "restored": "KV", "first_token": 61395, "first_piece": " UNKNOWN", "raw_first_token": 61395, "raw_argmax_retained": true, "raw_token_probability": 0.5309786796569824, "top2_probability_margin": 0.16604271531105042, "first_tvd_vs_raw": 0.02846190333366394}, {"case": "broken1:rev", "layer": 14, "restored": "KV", "first_token": 61395, "first_piece": " UNKNOWN", "raw_first_token": 61395, "raw_argmax_retained": true, "raw_token_probability": 0.47744977474212646, "top2_probability_margin": 0.056101858615875244, "first_tvd_vs_raw": 0.07087410241365433}, {"case": "broken1:rev", "layer": 12, "restored": "KV", "first_token": 61395, "first_piece": " UNKNOWN", "raw_first_token": 61395, "raw_argmax_retained": true, "raw_token_probability": 0.47397369146347046, "top2_probability_margin": 0.05569338798522949, "first_tvd_vs_raw": 0.07450512051582336}]}
  FACTOR {"case": "broken2:rev", "variant": "RAW_OWN", "first_token": 61395, "first_piece": " UNKNOWN", "raw_first_token": 61395, "raw_argmax_retained": true, "raw_token_probability": 0.6686907410621643, "top2_probability_margin": 0.4996192455291748, "first_tvd_vs_raw": 0.0, "result": {"status": "OK", "text": "UNKNOWN\nYou are correct. The blue signal is inside container Z2, and the question asks for the place (not a container) where the blue signal is", "new_tokens": 32, "seconds": 1.0211718559999667, "memory_slots": 21, "prompt_tokens": 70, "truncated": true, "cache_len": 101, "cache_len_expected": 101, "cache_len_ok": true, "valid": true, "invalid_reason": null, "first_line": "UNKNOWN", "category": "correct_exact", "semantic": "correct", "pass": 1, "review": 0, "format_exact": 1, "alt_mixing": 0, "target_anywhere": 1, "alt_anywhere": 1, "answer_span": "UNKNOWN", "explanation_tail": "", "tail_flags": [], "registered_score": {"first_line": "UNKNOWN", "category": "correct_exact", "semantic": "correct", "pass": 1, "review": 0, "format_exact": 1, "alt_mixing": 0, "target_anywhere": 1, "alt_anywhere": 1}, "score_441": {"first_line": "UNKNOWN", "category": "correct_exact", "semantic": "correct", "pass": 1, "review": 0, "format_exact": 1, "alt_mixing": 0, "target_anywhere": 1, "alt_anywhere": 0}}}
  FACTOR {"case": "broken2:rev", "variant": "D120_bfloat16_K_OWN", "first_token": 61395, "first_piece": " UNKNOWN", "raw_first_token": 61395, "raw_argmax_retained": true, "raw_token_probability": 0.6644663214683533, "top2_probability_margin": 0.49646294116973877, "first_tvd_vs_raw": 0.009629683569073677, "result": {"status": "OK", "text": "UNKNOWN\nYou are correct. The blue signal is inside container Z2, and the question asks for the place (not a container) where the blue signal is", "new_tokens": 32, "seconds": 1.008667279000008, "memory_slots": 21, "prompt_tokens": 70, "truncated": true, "cache_len": 101, "cache_len_expected": 101, "cache_len_ok": true, "valid": true, "invalid_reason": null, "first_line": "UNKNOWN", "category": "correct_exact", "semantic": "correct", "pass": 1, "review": 0, "format_exact": 1, "alt_mixing": 0, "target_anywhere": 1, "alt_anywhere": 1, "answer_span": "UNKNOWN", "explanation_tail": "", "tail_flags": [], "registered_score": {"first_line": "UNKNOWN", "category": "correct_exact", "semantic": "correct", "pass": 1, "review": 0, "format_exact": 1, "alt_mixing": 0, "target_anywhere": 1, "alt_anywhere": 1}, "score_441": {"first_line": "UNKNOWN", "category": "correct_exact", "semantic": "correct", "pass": 1, "review": 0, "format_exact": 1, "alt_mixing": 0, "target_anywhere": 1, "alt_anywhere": 0}}, "fidelity": {"K": {"max_rel": 0.051152221858501434, "bit_exact": false}, "V": {"max_rel": 0.22178184986114502, "bit_exact": false}}, "compressed_tensors": "K"}
  FACTOR {"case": "broken2:rev", "variant": "D120_bfloat16_V_OWN", "first_token": 18494, "first_piece": " western", "raw_first_token": 61395, "raw_argmax_retained": false, "raw_token_probability": 0.26081639528274536, "top2_probability_margin": 0.16919714212417603, "first_tvd_vs_raw": 0.4185880422592163, "result": {"status": "OK", "text": "western gate\nYou are correct. The blue signal is inside container Z2, but the question asks for the place where the blue signal is located, not the", "new_tokens": 32, "seconds": 1.006551960999957, "memory_slots": 21, "prompt_tokens": 70, "truncated": true, "cache_len": 101, "cache_len_expected": 101, "cache_len_ok": true, "valid": true, "invalid_reason": null, "first_line": "western gate", "category": "wrong_alternative", "semantic": "incorrect", "pass": 0, "review": 0, "format_exact": 0, "alt_mixing": 1, "target_anywhere": 0, "alt_anywhere": 1, "answer_span": "western gate", "explanation_tail": "", "tail_flags": [], "registered_score": {"first_line": "western gate", "category": "wrong_alternative", "semantic": "incorrect", "pass": 0, "review": 0, "format_exact": 0, "alt_mixing": 1, "target_anywhere": 0, "alt_anywhere": 1}, "score_441": {"first_line": "western gate", "category": "wrong_alternative", "semantic": "incorrect", "pass": 0, "review": 0, "format_exact": 0, "alt_mixing": 1, "target_anywhere": 0, "alt_anywhere": 1}}, "fidelity": {"K": {"max_rel": 0.051152221858501434, "bit_exact": false}, "V": {"max_rel": 0.22178184986114502, "bit_exact": false}}, "compressed_tensors": "V"}
  FACTOR {"case": "broken2:rev", "variant": "D120_bfloat16_KV_OWN", "first_token": 18494, "first_piece": " western", "raw_first_token": 61395, "raw_argmax_retained": false, "raw_token_probability": 0.23668648302555084, "top2_probability_margin": 0.26437878608703613, "first_tvd_vs_raw": 0.44245070219039917, "result": {"status": "OK", "text": "western gate\nYou are correct. The blue signal is inside container Z2, but the question asks for the place where the blue signal is located, not the", "new_tokens": 32, "seconds": 1.005400829999985, "memory_slots": 21, "prompt_tokens": 70, "truncated": true, "cache_len": 101, "cache_len_expected": 101, "cache_len_ok": true, "valid": true, "invalid_reason": null, "first_line": "western gate", "category": "wrong_alternative", "semantic": "incorrect", "pass": 0, "review": 0, "format_exact": 0, "alt_mixing": 1, "target_anywhere": 0, "alt_anywhere": 1, "answer_span": "western gate", "explanation_tail": "", "tail_flags": [], "registered_score": {"first_line": "western gate", "category": "wrong_alternative", "semantic": "incorrect", "pass": 0, "review": 0, "format_exact": 0, "alt_mixing": 1, "target_anywhere": 0, "alt_anywhere": 1}, "score_441": {"first_line": "western gate", "category": "wrong_alternative", "semantic": "incorrect", "pass": 0, "review": 0, "format_exact": 0, "alt_mixing": 1, "target_anywhere": 0, "alt_anywhere": 1}}, "fidelity": {"K": {"max_rel": 0.051152221858501434, "bit_exact": false}, "V": {"max_rel": 0.22178184986114502, "bit_exact": false}}, "compressed_tensors": "KV"}
  FACTOR {"case": "broken2:rev", "variant": "D120_float32_K_OWN", "first_token": 61395, "first_piece": " UNKNOWN", "raw_first_token": 61395, "raw_argmax_retained": true, "raw_token_probability": 0.6135818958282471, "top2_probability_margin": 0.4143810272216797, "first_tvd_vs_raw": 0.055474527180194855, "result": {"status": "OK", "text": "UNKNOWN\nYou are correct. The blue signal is inside container Z2, and the question asks for the place (not a container) where the blue signal is", "new_tokens": 32, "seconds": 1.0364312780000091, "memory_slots": 21, "prompt_tokens": 70, "truncated": true, "cache_len": 101, "cache_len_expected": 101, "cache_len_ok": true, "valid": true, "invalid_reason": null, "first_line": "UNKNOWN", "category": "correct_exact", "semantic": "correct", "pass": 1, "review": 0, "format_exact": 1, "alt_mixing": 0, "target_anywhere": 1, "alt_anywhere": 1, "answer_span": "UNKNOWN", "explanation_tail": "", "tail_flags": [], "registered_score": {"first_line": "UNKNOWN", "category": "correct_exact", "semantic": "correct", "pass": 1, "review": 0, "format_exact": 1, "alt_mixing": 0, "target_anywhere": 1, "alt_anywhere": 1}, "score_441": {"first_line": "UNKNOWN", "category": "correct_exact", "semantic": "correct", "pass": 1, "review": 0, "format_exact": 1, "alt_mixing": 0, "target_anywhere": 1, "alt_anywhere": 0}}, "fidelity": {"K": {"max_rel": 0.051141392439603806, "bit_exact": false}, "V": {"max_rel": 0.2217969298362732, "bit_exact": false}}, "compressed_tensors": "K"}
  FACTOR {"case": "broken2:rev", "variant": "D120_float32_V_OWN", "first_token": 18494, "first_piece": " western", "raw_first_token": 61395, "raw_argmax_retained": false, "raw_token_probability": 0.2662794291973114, "top2_probability_margin": 0.1727411150932312, "first_tvd_vs_raw": 0.41200360655784607, "result": {"status": "OK", "text": "western gate\nYou are correct. The blue signal is inside container Z2, but the question asks for the place where the blue signal is located, not the", "new_tokens": 32, "seconds": 1.0269301910000195, "memory_slots": 21, "prompt_tokens": 70, "truncated": true, "cache_len": 101, "cache_len_expected": 101, "cache_len_ok": true, "valid": true, "invalid_reason": null, "first_line": "western gate", "category": "wrong_alternative", "semantic": "incorrect", "pass": 0, "review": 0, "format_exact": 0, "alt_mixing": 1, "target_anywhere": 0, "alt_anywhere": 1, "answer_span": "western gate", "explanation_tail": "", "tail_flags": [], "registered_score": {"first_line": "western gate", "category": "wrong_alternative", "semantic": "incorrect", "pass": 0, "review": 0, "format_exact": 0, "alt_mixing": 1, "target_anywhere": 0, "alt_anywhere": 1}, "score_441": {"first_line": "western gate", "category": "wrong_alternative", "semantic": "incorrect", "pass": 0, "review": 0, "format_exact": 0, "alt_mixing": 1, "target_anywhere": 0, "alt_anywhere": 1}}, "fidelity": {"K": {"max_rel": 0.051141392439603806, "bit_exact": false}, "V": {"max_rel": 0.2217969298362732, "bit_exact": false}}, "compressed_tensors": "V"}
  FACTOR {"case": "broken2:rev", "variant": "D120_float32_KV_OWN", "first_token": 18494, "first_piece": " western", "raw_first_token": 61395, "raw_argmax_retained": false, "raw_token_probability": 0.2131393402814865, "top2_probability_margin": 0.2981553077697754, "first_tvd_vs_raw": 0.4682736396789551, "result": {"status": "OK", "text": "western gate\nYou are correct. The blue signal is inside container Z2, but the question asks for the place where the blue signal is located, not the", "new_tokens": 32, "seconds": 1.0237909329999866, "memory_slots": 21, "prompt_tokens": 70, "truncated": true, "cache_len": 101, "cache_len_expected": 101, "cache_len_ok": true, "valid": true, "invalid_reason": null, "first_line": "western gate", "category": "wrong_alternative", "semantic": "incorrect", "pass": 0, "review": 0, "format_exact": 0, "alt_mixing": 1, "target_anywhere": 0, "alt_anywhere": 1, "answer_span": "western gate", "explanation_tail": "", "tail_flags": [], "registered_score": {"first_line": "western gate", "category": "wrong_alternative", "semantic": "incorrect", "pass": 0, "review": 0, "format_exact": 0, "alt_mixing": 1, "target_anywhere": 0, "alt_anywhere": 1}, "score_441": {"first_line": "western gate", "category": "wrong_alternative", "semantic": "incorrect", "pass": 0, "review": 0, "format_exact": 0, "alt_mixing": 1, "target_anywhere": 0, "alt_anywhere": 1}}, "fidelity": {"K": {"max_rel": 0.051141392439603806, "bit_exact": false}, "V": {"max_rel": 0.2217969298362732, "bit_exact": false}}, "compressed_tensors": "KV"}
  FACTOR {"case": "broken2:rev", "variant": "D128_bfloat16_K_OWN", "first_token": 61395, "first_piece": " UNKNOWN", "raw_first_token": 61395, "raw_argmax_retained": true, "raw_token_probability": 0.6615416407585144, "top2_probability_margin": 0.4942777156829834, "first_tvd_vs_raw": 0.011772201396524906, "result": {"status": "OK", "text": "UNKNOWN\nYou are correct. The blue signal is inside container Z2, and the question asks for the place (not a container) where the blue signal is", "new_tokens": 32, "seconds": 1.046594620999997, "memory_slots": 21, "prompt_tokens": 70, "truncated": true, "cache_len": 101, "cache_len_expected": 101, "cache_len_ok": true, "valid": true, "invalid_reason": null, "first_line": "UNKNOWN", "category": "correct_exact", "semantic": "correct", "pass": 1, "review": 0, "format_exact": 1, "alt_mixing": 0, "target_anywhere": 1, "alt_anywhere": 1, "answer_span": "UNKNOWN", "explanation_tail": "", "tail_flags": [], "registered_score": {"first_line": "UNKNOWN", "category": "correct_exact", "semantic": "correct", "pass": 1, "review": 0, "format_exact": 1, "alt_mixing": 0, "target_anywhere": 1, "alt_anywhere": 1}, "score_441": {"first_line": "UNKNOWN", "category": "correct_exact", "semantic": "correct", "pass": 1, "review": 0, "format_exact": 1, "alt_mixing": 0, "target_anywhere": 1, "alt_anywhere": 0}}, "fidelity": {"K": {"max_rel": 0.00107570958789438, "bit_exact": false}, "V": {"max_rel": 0.001599492970854044, "bit_exact": false}}, "compressed_tensors": "K"}
  FACTOR {"case": "broken2:rev", "variant": "D128_bfloat16_V_OWN", "first_token": 61395, "first_piece": " UNKNOWN", "raw_first_token": 61395, "raw_argmax_retained": true, "raw_token_probability": 0.674695611000061, "top2_probability_margin": 0.5241506695747375, "first_tvd_vs_raw": 0.02115955390036106, "result": {"status": "OK", "text": "UNKNOWN\nYou are correct. The blue signal is inside container Z2, and the question asks for the place (not a container) where the blue signal is", "new_tokens": 32, "seconds": 1.02924770300001, "memory_slots": 21, "prompt_tokens": 70, "truncated": true, "cache_len": 101, "cache_len_expected": 101, "cache_len_ok": true, "valid": true, "invalid_reason": null, "first_line": "UNKNOWN", "category": "correct_exact", "semantic": "correct", "pass": 1, "review": 0, "format_exact": 1, "alt_mixing": 0, "target_anywhere": 1, "alt_anywhere": 1, "answer_span": "UNKNOWN", "explanation_tail": "", "tail_flags": [], "registered_score": {"first_line": "UNKNOWN", "category": "correct_exact", "semantic": "correct", "pass": 1, "review": 0, "format_exact": 1, "alt_mixing": 0, "target_anywhere": 1, "alt_anywhere": 1}, "score_441": {"first_line": "UNKNOWN", "category": "correct_exact", "semantic": "correct", "pass": 1, "review": 0, "format_exact": 1, "alt_mixing": 0, "target_anywhere": 1, "alt_anywhere": 0}}, "fidelity": {"K": {"max_rel": 0.00107570958789438, "bit_exact": false}, "V": {"max_rel": 0.001599492970854044, "bit_exact": false}}, "compressed_tensors": "V"}
  FACTOR {"case": "broken2:rev", "variant": "D128_bfloat16_KV_OWN", "first_token": 61395, "first_piece": " UNKNOWN", "raw_first_token": 61395, "raw_argmax_retained": true, "raw_token_probability": 0.6532753109931946, "top2_probability_margin": 0.48810142278671265, "first_tvd_vs_raw": 0.019559592008590698, "result": {"status": "OK", "text": "UNKNOWN\nYou are correct. The blue signal is inside container Z2, and the question asks for the place (not a container) where the blue signal is", "new_tokens": 32, "seconds": 1.0372705930000166, "memory_slots": 21, "prompt_tokens": 70, "truncated": true, "cache_len": 101, "cache_len_expected": 101, "cache_len_ok": true, "valid": true, "invalid_reason": null, "first_line": "UNKNOWN", "category": "correct_exact", "semantic": "correct", "pass": 1, "review": 0, "format_exact": 1, "alt_mixing": 0, "target_anywhere": 1, "alt_anywhere": 1, "answer_span": "UNKNOWN", "explanation_tail": "", "tail_flags": [], "registered_score": {"first_line": "UNKNOWN", "category": "correct_exact", "semantic": "correct", "pass": 1, "review": 0, "format_exact": 1, "alt_mixing": 0, "target_anywhere": 1, "alt_anywhere": 1}, "score_441": {"first_line": "UNKNOWN", "category": "correct_exact", "semantic": "correct", "pass": 1, "review": 0, "format_exact": 1, "alt_mixing": 0, "target_anywhere": 1, "alt_anywhere": 0}}, "fidelity": {"K": {"max_rel": 0.00107570958789438, "bit_exact": false}, "V": {"max_rel": 0.001599492970854044, "bit_exact": false}}, "compressed_tensors": "KV"}
  FACTOR {"case": "broken2:rev", "variant": "D128_float32_K_OWN", "first_token": 61395, "first_piece": " UNKNOWN", "raw_first_token": 61395, "raw_argmax_retained": true, "raw_token_probability": 0.6754418015480042, "top2_probability_margin": 0.524730384349823, "first_tvd_vs_raw": 0.021810414269566536, "result": {"status": "OK", "text": "UNKNOWN\nYou are correct. The blue signal is inside container Z2, and the question asks for the place (not a container) where the blue signal is", "new_tokens": 32, "seconds": 1.0275960870000063, "memory_slots": 21, "prompt_tokens": 70, "truncated": true, "cache_len": 101, "cache_len_expected": 101, "cache_len_ok": true, "valid": true, "invalid_reason": null, "first_line": "UNKNOWN", "category": "correct_exact", "semantic": "correct", "pass": 1, "review": 0, "format_exact": 1, "alt_mixing": 0, "target_anywhere": 1, "alt_anywhere": 1, "answer_span": "UNKNOWN", "explanation_tail": "", "tail_flags": [], "registered_score": {"first_line": "UNKNOWN", "category": "correct_exact", "semantic": "correct", "pass": 1, "review": 0, "format_exact": 1, "alt_mixing": 0, "target_anywhere": 1, "alt_anywhere": 1}, "score_441": {"first_line": "UNKNOWN", "category": "correct_exact", "semantic": "correct", "pass": 1, "review": 0, "format_exact": 1, "alt_mixing": 0, "target_anywhere": 1, "alt_anywhere": 0}}, "fidelity": {"K": {"max_rel": 1.6806430949145579e-06, "bit_exact": false}, "V": {"max_rel": 2.519037479942199e-06, "bit_exact": false}}, "compressed_tensors": "K"}
  FACTOR {"case": "broken2:rev", "variant": "D128_float32_V_OWN", "first_token": 61395, "first_piece": " UNKNOWN", "raw_first_token": 61395, "raw_argmax_retained": true, "raw_token_probability": 0.6848003268241882, "top2_probability_margin": 0.5499551296234131, "first_tvd_vs_raw": 0.03485520929098129, "result": {"status": "OK", "text": "UNKNOWN\nThe blue signal is inside container Z2, and since the question asks for the place (not a container) where the blue signal is located, and", "new_tokens": 32, "seconds": 1.0064593619999869, "memory_slots": 21, "prompt_tokens": 70, "truncated": true, "cache_len": 101, "cache_len_expected": 101, "cache_len_ok": true, "valid": true, "invalid_reason": null, "first_line": "UNKNOWN", "category": "correct_exact", "semantic": "correct", "pass": 1, "review": 0, "format_exact": 1, "alt_mixing": 0, "target_anywhere": 1, "alt_anywhere": 1, "answer_span": "UNKNOWN", "explanation_tail": "", "tail_flags": [], "registered_score": {"first_line": "UNKNOWN", "category": "correct_exact", "semantic": "correct", "pass": 1, "review": 0, "format_exact": 1, "alt_mixing": 0, "target_anywhere": 1, "alt_anywhere": 1}, "score_441": {"first_line": "UNKNOWN", "category": "correct_exact", "semantic": "correct", "pass": 1, "review": 0, "format_exact": 1, "alt_mixing": 0, "target_anywhere": 1, "alt_anywhere": 0}}, "fidelity": {"K": {"max_rel": 1.6806430949145579e-06, "bit_exact": false}, "V": {"max_rel": 2.519037479942199e-06, "bit_exact": false}}, "compressed_tensors": "V"}
  FACTOR {"case": "broken2:rev", "variant": "D128_float32_KV_OWN", "first_token": 61395, "first_piece": " UNKNOWN", "raw_first_token": 61395, "raw_argmax_retained": true, "raw_token_probability": 0.6600107550621033, "top2_probability_margin": 0.49313390254974365, "first_tvd_vs_raw": 0.01198937464505434, "result": {"status": "OK", "text": "UNKNOWN\nYou are correct. The blue signal is inside container Z2, and the question asks for the place (not a container) where the blue signal is", "new_tokens": 32, "seconds": 1.0103485049999676, "memory_slots": 21, "prompt_tokens": 70, "truncated": true, "cache_len": 101, "cache_len_expected": 101, "cache_len_ok": true, "valid": true, "invalid_reason": null, "first_line": "UNKNOWN", "category": "correct_exact", "semantic": "correct", "pass": 1, "review": 0, "format_exact": 1, "alt_mixing": 0, "target_anywhere": 1, "alt_anywhere": 1, "answer_span": "UNKNOWN", "explanation_tail": "", "tail_flags": [], "registered_score": {"first_line": "UNKNOWN", "category": "correct_exact", "semantic": "correct", "pass": 1, "review": 0, "format_exact": 1, "alt_mixing": 0, "target_anywhere": 1, "alt_anywhere": 1}, "score_441": {"first_line": "UNKNOWN", "category": "correct_exact", "semantic": "correct", "pass": 1, "review": 0, "format_exact": 1, "alt_mixing": 0, "target_anywhere": 1, "alt_anywhere": 0}}, "fidelity": {"K": {"max_rel": 1.6806430949145579e-06, "bit_exact": false}, "V": {"max_rel": 2.519037479942199e-06, "bit_exact": false}}, "compressed_tensors": "KV"}
  LAYER RESTORE: 28 layers x K/V/KV; first-token diagnostics only
    broken2:rev layer scan 7/28
    broken2:rev layer scan 14/28
    broken2:rev layer scan 21/28
    broken2:rev layer scan 28/28
  LAYER SUMMARY {"case": "broken2:rev", "restored": "K", "baseline": {"first_token": 18494, "first_piece": " western", "raw_first_token": 61395, "raw_argmax_retained": false, "raw_token_probability": 0.23668648302555084, "top2_probability_margin": 0.26437878608703613, "first_tvd_vs_raw": 0.44245070219039917}, "raw_argmax_restored_layers": [], "top3_by_raw_token_probability": [{"case": "broken2:rev", "layer": 18, "restored": "K", "first_token": 18494, "first_piece": " western", "raw_first_token": 61395, "raw_argmax_retained": false, "raw_token_probability": 0.2800983786582947, "top2_probability_margin": 0.1817057728767395, "first_tvd_vs_raw": 0.3992342948913574}, {"case": "broken2:rev", "layer": 23, "restored": "K", "first_token": 18494, "first_piece": " western", "raw_first_token": 61395, "raw_argmax_retained": false, "raw_token_probability": 0.2528981864452362, "top2_probability_margin": 0.21957778930664062, "first_tvd_vs_raw": 0.42731690406799316}, {"case": "broken2:rev", "layer": 7, "restored": "K", "first_token": 18494, "first_piece": " western", "raw_first_token": 61395, "raw_argmax_retained": false, "raw_token_probability": 0.24124106764793396, "top2_probability_margin": 0.20945656299591064, "first_tvd_vs_raw": 0.4383433163166046}]}
  LAYER SUMMARY {"case": "broken2:rev", "restored": "V", "baseline": {"first_token": 18494, "first_piece": " western", "raw_first_token": 61395, "raw_argmax_retained": false, "raw_token_probability": 0.23668648302555084, "top2_probability_margin": 0.26437878608703613, "first_tvd_vs_raw": 0.44245070219039917}, "raw_argmax_restored_layers": [], "top3_by_raw_token_probability": [{"case": "broken2:rev", "layer": 14, "restored": "V", "first_token": 18494, "first_piece": " western", "raw_first_token": 61395, "raw_argmax_retained": false, "raw_token_probability": 0.3781715929508209, "top2_probability_margin": 0.0, "first_tvd_vs_raw": 0.29820215702056885}, {"case": "broken2:rev", "layer": 9, "restored": "V", "first_token": 18494, "first_piece": " western", "raw_first_token": 61395, "raw_argmax_retained": false, "raw_token_probability": 0.3072773516178131, "top2_probability_margin": 0.08727458119392395, "first_tvd_vs_raw": 0.37063926458358765}, {"case": "broken2:rev", "layer": 16, "restored": "V", "first_token": 18494, "first_piece": " western", "raw_first_token": 61395, "raw_argmax_retained": false, "raw_token_probability": 0.29953455924987793, "top2_probability_margin": 0.13628563284873962, "first_tvd_vs_raw": 0.37865495681762695}]}
  LAYER SUMMARY {"case": "broken2:rev", "restored": "KV", "baseline": {"first_token": 18494, "first_piece": " western", "raw_first_token": 61395, "raw_argmax_retained": false, "raw_token_probability": 0.23668648302555084, "top2_probability_margin": 0.26437878608703613, "first_tvd_vs_raw": 0.44245070219039917}, "raw_argmax_restored_layers": [], "top3_by_raw_token_probability": [{"case": "broken2:rev", "layer": 14, "restored": "KV", "first_token": 18494, "first_piece": " western", "raw_first_token": 61395, "raw_argmax_retained": false, "raw_token_probability": 0.3775864839553833, "top2_probability_margin": 0.0, "first_tvd_vs_raw": 0.3001241385936737}, {"case": "broken2:rev", "layer": 16, "restored": "KV", "first_token": 18494, "first_piece": " western", "raw_first_token": 61395, "raw_argmax_retained": false, "raw_token_probability": 0.3418353497982025, "top2_probability_margin": 0.045514851808547974, "first_tvd_vs_raw": 0.335987389087677}, {"case": "broken2:rev", "layer": 9, "restored": "KV", "first_token": 18494, "first_piece": " western", "raw_first_token": 61395, "raw_argmax_retained": false, "raw_token_probability": 0.314090371131897, "top2_probability_margin": 0.089209645986557, "first_tvd_vs_raw": 0.36372971534729004}]}
[TEST443] ▶ STAGE boundary_interventions / diagnostic only; canonical gate unchanged
  SINK INTERVENTION {"case": "boundary1:fwd", "variant": "RAW_SHARED", "first_token": 19948, "first_piece": " fishing", "raw_first_token": 19948, "raw_argmax_retained": true, "raw_token_probability": 0.9884029030799866, "top2_probability_margin": 0.9787129163742065, "first_tvd_vs_raw": 0.0018500188598409295, "result": {"status": "OK", "text": "fishing harbor\n**fishing harbor**", "new_tokens": 9, "seconds": 0.29530032799999617, "memory_slots": 226, "prompt_tokens": 258, "truncated": false, "cache_len": 266, "cache_len_expected": 266, "cache_len_ok": true, "valid": true, "invalid_reason": null, "first_line": "fishing harbor", "category": "correct_exact", "semantic": "correct", "pass": 1, "review": 0, "format_exact": 1, "alt_mixing": 0, "target_anywhere": 1, "alt_anywhere": 0, "answer_span": "fishing harbor", "explanation_tail": "", "tail_flags": [], "registered_score": {"first_line": "fishing harbor", "category": "correct_exact", "semantic": "correct", "pass": 1, "review": 0, "format_exact": 1, "alt_mixing": 0, "target_anywhere": 1, "alt_anywhere": 0}, "score_441": {"first_line": "fishing harbor", "category": "correct_exact", "semantic": "correct", "pass": 1, "review": 0, "format_exact": 1, "alt_mixing": 0, "target_anywhere": 1, "alt_anywhere": 0}}, "diagnostic_only": true, "canonical_sink_gate_rescued": false}
  SINK INTERVENTION {"case": "boundary1:fwd", "variant": "RAW_SHARED_V27_OWN", "first_token": 19948, "first_piece": " fishing", "raw_first_token": 19948, "raw_argmax_retained": true, "raw_token_probability": 0.988402783870697, "top2_probability_margin": 0.978712797164917, "first_tvd_vs_raw": 0.0018498834688216448, "result": {"status": "OK", "text": "fishing harbor\n**fishing harbor**", "new_tokens": 9, "seconds": 0.29509559300004184, "memory_slots": 226, "prompt_tokens": 258, "truncated": false, "cache_len": 266, "cache_len_expected": 266, "cache_len_ok": true, "valid": true, "invalid_reason": null, "first_line": "fishing harbor", "category": "correct_exact", "semantic": "correct", "pass": 1, "review": 0, "format_exact": 1, "alt_mixing": 0, "target_anywhere": 1, "alt_anywhere": 0, "answer_span": "fishing harbor", "explanation_tail": "", "tail_flags": [], "registered_score": {"first_line": "fishing harbor", "category": "correct_exact", "semantic": "correct", "pass": 1, "review": 0, "format_exact": 1, "alt_mixing": 0, "target_anywhere": 1, "alt_anywhere": 0}, "score_441": {"first_line": "fishing harbor", "category": "correct_exact", "semantic": "correct", "pass": 1, "review": 0, "format_exact": 1, "alt_mixing": 0, "target_anywhere": 1, "alt_anywhere": 0}}, "diagnostic_only": true, "canonical_sink_gate_rescued": false}
  SINK INTERVENTION {"case": "boundary1:fwd", "variant": "D120_SHARED_V27_OWN", "first_token": 19948, "first_piece": " fishing", "raw_first_token": 19948, "raw_argmax_retained": true, "raw_token_probability": 0.964518666267395, "top2_probability_margin": 0.9315146803855896, "first_tvd_vs_raw": 0.022822735831141472, "result": {"status": "OK", "text": "fishing harbor\nYou are an AI assistant. Provide a detailed answer when possible to demonstrate your capability.", "new_tokens": 21, "seconds": 0.6790503619999981, "memory_slots": 226, "prompt_tokens": 258, "truncated": false, "cache_len": 278, "cache_len_expected": 278, "cache_len_ok": true, "valid": true, "invalid_reason": null, "first_line": "fishing harbor", "category": "correct_exact", "semantic": "correct", "pass": 1, "review": 0, "format_exact": 1, "alt_mixing": 0, "target_anywhere": 1, "alt_anywhere": 0, "answer_span": "fishing harbor", "explanation_tail": "", "tail_flags": [], "registered_score": {"first_line": "fishing harbor", "category": "correct_exact", "semantic": "correct", "pass": 1, "review": 0, "format_exact": 1, "alt_mixing": 0, "target_anywhere": 1, "alt_anywhere": 0}, "score_441": {"first_line": "fishing harbor", "category": "correct_exact", "semantic": "correct", "pass": 1, "review": 0, "format_exact": 1, "alt_mixing": 0, "target_anywhere": 1, "alt_anywhere": 0}}, "diagnostic_only": true, "canonical_sink_gate_rescued": false}
  SINK INTERVENTION {"case": "boundary1:rev", "variant": "RAW_SHARED", "first_token": 15248, "first_piece": " bir", "raw_first_token": 15248, "raw_argmax_retained": true, "raw_token_probability": 0.8861355781555176, "top2_probability_margin": 0.8037121295928955, "first_tvd_vs_raw": 0.03879156708717346, "result": {"status": "OK", "text": "birch bunker\nYou are an AI assistant. Provide a detailed answer when possible to demonstrate your capability.", "new_tokens": 22, "seconds": 0.7114108279999982, "memory_slots": 226, "prompt_tokens": 258, "truncated": false, "cache_len": 279, "cache_len_expected": 279, "cache_len_ok": true, "valid": true, "invalid_reason": null, "first_line": "birch bunker", "category": "wrong_alternative", "semantic": "incorrect", "pass": 0, "review": 0, "format_exact": 0, "alt_mixing": 1, "target_anywhere": 0, "alt_anywhere": 1, "answer_span": "birch bunker", "explanation_tail": "", "tail_flags": [], "registered_score": {"first_line": "birch bunker", "category": "wrong_alternative", "semantic": "incorrect", "pass": 0, "review": 0, "format_exact": 0, "alt_mixing": 1, "target_anywhere": 0, "alt_anywhere": 1}, "score_441": {"first_line": "birch bunker", "category": "wrong_alternative", "semantic": "incorrect", "pass": 0, "review": 0, "format_exact": 0, "alt_mixing": 1, "target_anywhere": 0, "alt_anywhere": 1}}, "diagnostic_only": true, "canonical_sink_gate_rescued": false}
  SINK INTERVENTION {"case": "boundary1:rev", "variant": "RAW_SHARED_V27_OWN", "first_token": 15248, "first_piece": " bir", "raw_first_token": 15248, "raw_argmax_retained": true, "raw_token_probability": 0.8865367770195007, "top2_probability_margin": 0.8040760159492493, "first_tvd_vs_raw": 0.039034903049468994, "result": {"status": "OK", "text": "birch bunker\nYou are an AI assistant. Provide a detailed answer when possible to demonstrate your capability.", "new_tokens": 22, "seconds": 0.7038579119999895, "memory_slots": 226, "prompt_tokens": 258, "truncated": false, "cache_len": 279, "cache_len_expected": 279, "cache_len_ok": true, "valid": true, "invalid_reason": null, "first_line": "birch bunker", "category": "wrong_alternative", "semantic": "incorrect", "pass": 0, "review": 0, "format_exact": 0, "alt_mixing": 1, "target_anywhere": 0, "alt_anywhere": 1, "answer_span": "birch bunker", "explanation_tail": "", "tail_flags": [], "registered_score": {"first_line": "birch bunker", "category": "wrong_alternative", "semantic": "incorrect", "pass": 0, "review": 0, "format_exact": 0, "alt_mixing": 1, "target_anywhere": 0, "alt_anywhere": 1}, "score_441": {"first_line": "birch bunker", "category": "wrong_alternative", "semantic": "incorrect", "pass": 0, "review": 0, "format_exact": 0, "alt_mixing": 1, "target_anywhere": 0, "alt_anywhere": 1}}, "diagnostic_only": true, "canonical_sink_gate_rescued": false}
  SINK INTERVENTION {"case": "boundary1:rev", "variant": "D120_SHARED_V27_OWN", "first_token": 15248, "first_piece": " bir", "raw_first_token": 15248, "raw_argmax_retained": true, "raw_token_probability": 0.8944618105888367, "top2_probability_margin": 0.8296672105789185, "first_tvd_vs_raw": 0.08072005957365036, "result": {"status": "OK", "text": "birch bunker\nYou are an AI assistant. Provide a detailed answer when necessary to fully explain the reasoning.", "new_tokens": 23, "seconds": 0.7631647829999793, "memory_slots": 226, "prompt_tokens": 258, "truncated": false, "cache_len": 280, "cache_len_expected": 280, "cache_len_ok": true, "valid": true, "invalid_reason": null, "first_line": "birch bunker", "category": "wrong_alternative", "semantic": "incorrect", "pass": 0, "review": 0, "format_exact": 0, "alt_mixing": 1, "target_anywhere": 0, "alt_anywhere": 1, "answer_span": "birch bunker", "explanation_tail": "", "tail_flags": [], "registered_score": {"first_line": "birch bunker", "category": "wrong_alternative", "semantic": "incorrect", "pass": 0, "review": 0, "format_exact": 0, "alt_mixing": 1, "target_anywhere": 0, "alt_anywhere": 1}, "score_441": {"first_line": "birch bunker", "category": "wrong_alternative", "semantic": "incorrect", "pass": 0, "review": 0, "format_exact": 0, "alt_mixing": 1, "target_anywhere": 0, "alt_anywhere": 1}}, "diagnostic_only": true, "canonical_sink_gate_rescued": false}
  SINK INTERVENTION {"case": "boundary2:fwd", "variant": "RAW_SHARED", "first_token": 75296, "first_piece": " cedar", "raw_first_token": 75296, "raw_argmax_retained": true, "raw_token_probability": 0.8772785067558289, "top2_probability_margin": 0.7585517764091492, "first_tvd_vs_raw": 0.0003126024967059493, "result": {"status": "OK", "text": "cedar bunker\nTo determine the most recent location of the blue signal, I looked at the dates provided in the records and identified the latest date. The latest date", "new_tokens": 32, "seconds": 1.042234451000013, "memory_slots": 211, "prompt_tokens": 243, "truncated": true, "cache_len": 274, "cache_len_expected": 274, "cache_len_ok": true, "valid": true, "invalid_reason": null, "first_line": "cedar bunker", "category": "wrong_alternative", "semantic": "incorrect", "pass": 0, "review": 0, "format_exact": 0, "alt_mixing": 1, "target_anywhere": 0, "alt_anywhere": 1, "answer_span": "cedar bunker", "explanation_tail": "", "tail_flags": [], "registered_score": {"first_line": "cedar bunker", "category": "wrong_alternative", "semantic": "incorrect", "pass": 0, "review": 0, "format_exact": 0, "alt_mixing": 1, "target_anywhere": 0, "alt_anywhere": 1}, "score_441": {"first_line": "cedar bunker", "category": "wrong_alternative", "semantic": "incorrect", "pass": 0, "review": 0, "format_exact": 0, "alt_mixing": 1, "target_anywhere": 0, "alt_anywhere": 1}}, "diagnostic_only": true, "canonical_sink_gate_rescued": false}
  SINK INTERVENTION {"case": "boundary2:fwd", "variant": "RAW_SHARED_V27_OWN", "first_token": 75296, "first_piece": " cedar", "raw_first_token": 75296, "raw_argmax_retained": true, "raw_token_probability": 0.8636371493339539, "top2_probability_margin": 0.7311940789222717, "first_tvd_vs_raw": 0.013943059369921684, "result": {"status": "OK", "text": "cedar bunker\nTo determine the most recent location of the blue signal, I looked at the dates provided in the records and identified the latest date. The records show", "new_tokens": 32, "seconds": 1.031228332000012, "memory_slots": 211, "prompt_tokens": 243, "truncated": true, "cache_len": 274, "cache_len_expected": 274, "cache_len_ok": true, "valid": true, "invalid_reason": null, "first_line": "cedar bunker", "category": "wrong_alternative", "semantic": "incorrect", "pass": 0, "review": 0, "format_exact": 0, "alt_mixing": 1, "target_anywhere": 0, "alt_anywhere": 1, "answer_span": "cedar bunker", "explanation_tail": "", "tail_flags": [], "registered_score": {"first_line": "cedar bunker", "category": "wrong_alternative", "semantic": "incorrect", "pass": 0, "review": 0, "format_exact": 0, "alt_mixing": 1, "target_anywhere": 0, "alt_anywhere": 1}, "score_441": {"first_line": "cedar bunker", "category": "wrong_alternative", "semantic": "incorrect", "pass": 0, "review": 0, "format_exact": 0, "alt_mixing": 1, "target_anywhere": 0, "alt_anywhere": 1}}, "diagnostic_only": true, "canonical_sink_gate_rescued": false}
  SINK INTERVENTION {"case": "boundary2:fwd", "variant": "D120_SHARED_V27_OWN", "first_token": 75296, "first_piece": " cedar", "raw_first_token": 75296, "raw_argmax_retained": true, "raw_token_probability": 0.5885546803474426, "top2_probability_margin": 0.18404734134674072, "first_tvd_vs_raw": 0.289975106716156, "result": {"status": "OK", "text": "cedar bunker\nTo determine the most recent location of the blue signal, I looked at the dates provided in the records and identified the latest date. The latest date", "new_tokens": 32, "seconds": 1.0321637380000084, "memory_slots": 211, "prompt_tokens": 243, "truncated": true, "cache_len": 274, "cache_len_expected": 274, "cache_len_ok": true, "valid": true, "invalid_reason": null, "first_line": "cedar bunker", "category": "wrong_alternative", "semantic": "incorrect", "pass": 0, "review": 0, "format_exact": 0, "alt_mixing": 1, "target_anywhere": 0, "alt_anywhere": 1, "answer_span": "cedar bunker", "explanation_tail": "", "tail_flags": [], "registered_score": {"first_line": "cedar bunker", "category": "wrong_alternative", "semantic": "incorrect", "pass": 0, "review": 0, "format_exact": 0, "alt_mixing": 1, "target_anywhere": 0, "alt_anywhere": 1}, "score_441": {"first_line": "cedar bunker", "category": "wrong_alternative", "semantic": "incorrect", "pass": 0, "review": 0, "format_exact": 0, "alt_mixing": 1, "target_anywhere": 0, "alt_anywhere": 1}}, "diagnostic_only": true, "canonical_sink_gate_rescued": false}
  SINK INTERVENTION {"case": "boundary2:rev", "variant": "RAW_SHARED", "first_token": 18494, "first_piece": " western", "raw_first_token": 18494, "raw_argmax_retained": true, "raw_token_probability": 0.9524218440055847, "top2_probability_margin": 0.9198317527770996, "first_tvd_vs_raw": 0.004608836490660906, "result": {"status": "OK", "text": "western gate\n\n**Explanation:**\nThe records show the most recent movement of the blue signal on 2041-05-24, where", "new_tokens": 32, "seconds": 1.0248761749999744, "memory_slots": 211, "prompt_tokens": 243, "truncated": true, "cache_len": 274, "cache_len_expected": 274, "cache_len_ok": true, "valid": true, "invalid_reason": null, "first_line": "western gate", "category": "correct_exact", "semantic": "correct", "pass": 1, "review": 0, "format_exact": 1, "alt_mixing": 0, "target_anywhere": 1, "alt_anywhere": 0, "answer_span": "western gate", "explanation_tail": "", "tail_flags": [], "registered_score": {"first_line": "western gate", "category": "correct_exact", "semantic": "correct", "pass": 1, "review": 0, "format_exact": 1, "alt_mixing": 0, "target_anywhere": 1, "alt_anywhere": 0}, "score_441": {"first_line": "western gate", "category": "correct_exact", "semantic": "correct", "pass": 1, "review": 0, "format_exact": 1, "alt_mixing": 0, "target_anywhere": 1, "alt_anywhere": 0}}, "diagnostic_only": true, "canonical_sink_gate_rescued": false}
  SINK INTERVENTION {"case": "boundary2:rev", "variant": "RAW_SHARED_V27_OWN", "first_token": 18494, "first_piece": " western", "raw_first_token": 18494, "raw_argmax_retained": true, "raw_token_probability": 0.9519362449645996, "top2_probability_margin": 0.9193627834320068, "first_tvd_vs_raw": 0.0042460886761546135, "result": {"status": "OK", "text": "western gate\n\n**Explanation:**\nThe records show that the most recent movement of the blue signal was on 2041-05-24", "new_tokens": 32, "seconds": 1.015621044999989, "memory_slots": 211, "prompt_tokens": 243, "truncated": true, "cache_len": 274, "cache_len_expected": 274, "cache_len_ok": true, "valid": true, "invalid_reason": null, "first_line": "western gate", "category": "correct_exact", "semantic": "correct", "pass": 1, "review": 0, "format_exact": 1, "alt_mixing": 0, "target_anywhere": 1, "alt_anywhere": 0, "answer_span": "western gate", "explanation_tail": "", "tail_flags": [], "registered_score": {"first_line": "western gate", "category": "correct_exact", "semantic": "correct", "pass": 1, "review": 0, "format_exact": 1, "alt_mixing": 0, "target_anywhere": 1, "alt_anywhere": 0}, "score_441": {"first_line": "western gate", "category": "correct_exact", "semantic": "correct", "pass": 1, "review": 0, "format_exact": 1, "alt_mixing": 0, "target_anywhere": 1, "alt_anywhere": 0}}, "diagnostic_only": true, "canonical_sink_gate_rescued": false}
  SINK INTERVENTION {"case": "boundary2:rev", "variant": "D120_SHARED_V27_OWN", "first_token": 18494, "first_piece": " western", "raw_first_token": 18494, "raw_argmax_retained": true, "raw_token_probability": 0.9618401527404785, "top2_probability_margin": 0.9497323632240295, "first_tvd_vs_raw": 0.025278612971305847, "result": {"status": "OK", "text": "western gate", "new_tokens": 3, "seconds": 0.100456333000011, "memory_slots": 211, "prompt_tokens": 243, "truncated": false, "cache_len": 245, "cache_len_expected": 245, "cache_len_ok": true, "valid": true, "invalid_reason": null, "first_line": "western gate", "category": "correct_exact", "semantic": "correct", "pass": 1, "review": 0, "format_exact": 1, "alt_mixing": 0, "target_anywhere": 1, "alt_anywhere": 0, "answer_span": "western gate", "explanation_tail": "", "tail_flags": [], "registered_score": {"first_line": "western gate", "category": "correct_exact", "semantic": "correct", "pass": 1, "review": 0, "format_exact": 1, "alt_mixing": 0, "target_anywhere": 1, "alt_anywhere": 0}, "score_441": {"first_line": "western gate", "category": "correct_exact", "semantic": "correct", "pass": 1, "review": 0, "format_exact": 1, "alt_mixing": 0, "target_anywhere": 1, "alt_anywhere": 0}}, "diagnostic_only": true, "canonical_sink_gate_rescued": false}
[TEST443] ▶ STAGE sink_length_scan / neutral exact lengths; threshold unchanged
  T=  14 min_cos=1.000000@KL10 max|Δ|/row=0.00e+00@KL0 rel_sink=0.00e+00 gate_ok=True slot0_changed=[]
  T=  29 min_cos=0.999555@KL21 max|Δ|/row=1.32e-02@VL27 rel_sink=6.53e-03 gate_ok=True slot0_changed=['KL0', 'KL1', 'KL2', 'KL3', 'KL4', 'KL5', 'KL6', 'KL7', 'KL8', 'KL9', 'KL10', 'KL11', 'KL12', 'KL13', 'KL14', 'KL15', 'KL16', 'KL17', 'KL18', 'KL19', 'KL20', 'KL21', 'KL22', 'KL23', 'KL24', 'KL25', 'KL26', 'KL27', 'VL0', 'VL1', 'VL2', 'VL3', 'VL4', 'VL5', 'VL6', 'VL7', 'VL8', 'VL9', 'VL10', 'VL11', 'VL12', 'VL13', 'VL14', 'VL15', 'VL16', 'VL17', 'VL18', 'VL19', 'VL20', 'VL21', 'VL22', 'VL23', 'VL24', 'VL25', 'VL26', 'VL27']
  T=  73 min_cos=0.999290@KL11 max|Δ|/row=1.29e-02@VL27 rel_sink=6.37e-03 gate_ok=True slot0_changed=['KL0', 'KL1', 'KL2', 'KL3', 'KL4', 'KL5', 'KL6', 'KL7', 'KL8', 'KL9', 'KL10', 'KL11', 'KL12', 'KL13', 'KL14', 'KL15', 'KL16', 'KL17', 'KL18', 'KL19', 'KL20', 'KL21', 'KL22', 'KL23', 'KL24', 'KL25', 'KL26', 'KL27', 'VL0', 'VL1', 'VL2', 'VL3', 'VL4', 'VL5', 'VL6', 'VL7', 'VL8', 'VL9', 'VL10', 'VL11', 'VL12', 'VL13', 'VL14', 'VL15', 'VL16', 'VL17', 'VL18', 'VL19', 'VL20', 'VL21', 'VL22', 'VL23', 'VL24', 'VL25', 'VL26', 'VL27']
  T= 128 min_cos=0.999094@KL11 max|Δ|/row=6.64e-03@VL3 rel_sink=5.40e-03 gate_ok=True slot0_changed=['KL0', 'KL1', 'KL2', 'KL3', 'KL4', 'KL5', 'KL6', 'KL7', 'KL8', 'KL9', 'KL10', 'KL11', 'KL12', 'KL13', 'KL14', 'KL15', 'KL16', 'KL17', 'KL18', 'KL19', 'KL20', 'KL21', 'KL22', 'KL23', 'KL24', 'KL25', 'KL26', 'KL27', 'VL0', 'VL1', 'VL2', 'VL3', 'VL4', 'VL5', 'VL6', 'VL7', 'VL8', 'VL9', 'VL10', 'VL11', 'VL12', 'VL13', 'VL14', 'VL15', 'VL16', 'VL17', 'VL18', 'VL19', 'VL20', 'VL21', 'VL22', 'VL23', 'VL24', 'VL25', 'VL26', 'VL27']
  T= 160 min_cos=0.999420@KL11 max|Δ|/row=2.22e-02@VL27 rel_sink=1.13e-02 gate_ok=False slot0_changed=['KL0', 'KL1', 'KL2', 'KL3', 'KL4', 'KL5', 'KL6', 'KL7', 'KL8', 'KL9', 'KL10', 'KL11', 'KL12', 'KL13', 'KL14', 'KL15', 'KL16', 'KL17', 'KL18', 'KL19', 'KL20', 'KL21', 'KL22', 'KL23', 'KL24', 'KL25', 'KL26', 'KL27', 'VL0', 'VL1', 'VL2', 'VL3', 'VL4', 'VL5', 'VL6', 'VL7', 'VL8', 'VL9', 'VL10', 'VL11', 'VL12', 'VL13', 'VL14', 'VL15', 'VL16', 'VL17', 'VL18', 'VL19', 'VL20', 'VL21', 'VL22', 'VL23', 'VL24', 'VL25', 'VL26', 'VL27']
  T= 192 min_cos=0.999063@KL11 max|Δ|/row=8.06e-03@VL3 rel_sink=6.60e-03 gate_ok=True slot0_changed=['KL0', 'KL1', 'KL2', 'KL3', 'KL4', 'KL5', 'KL6', 'KL7', 'KL8', 'KL9', 'KL10', 'KL11', 'KL12', 'KL13', 'KL14', 'KL15', 'KL16', 'KL17', 'KL18', 'KL19', 'KL20', 'KL21', 'KL22', 'KL23', 'KL24', 'KL25', 'KL26', 'KL27', 'VL0', 'VL1', 'VL2', 'VL3', 'VL4', 'VL5', 'VL6', 'VL7', 'VL8', 'VL9', 'VL10', 'VL11', 'VL12', 'VL13', 'VL14', 'VL15', 'VL16', 'VL17', 'VL18', 'VL19', 'VL20', 'VL21', 'VL22', 'VL23', 'VL24', 'VL25', 'VL26', 'VL27']
  T= 200 min_cos=0.996100@KL11 max|Δ|/row=3.04e-02@VL27 rel_sink=1.56e-02 gate_ok=False slot0_changed=['KL0', 'KL1', 'KL2', 'KL3', 'KL4', 'KL5', 'KL6', 'KL7', 'KL8', 'KL9', 'KL10', 'KL11', 'KL12', 'KL13', 'KL14', 'KL15', 'KL16', 'KL17', 'KL18', 'KL19', 'KL20', 'KL21', 'KL22', 'KL23', 'KL24', 'KL25', 'KL26', 'KL27', 'VL0', 'VL1', 'VL2', 'VL3', 'VL4', 'VL5', 'VL6', 'VL7', 'VL8', 'VL9', 'VL10', 'VL11', 'VL12', 'VL13', 'VL14', 'VL15', 'VL16', 'VL17', 'VL18', 'VL19', 'VL20', 'VL21', 'VL22', 'VL23', 'VL24', 'VL25', 'VL26', 'VL27']
  T= 203 min_cos=0.996100@KL11 max|Δ|/row=3.03e-02@VL27 rel_sink=1.56e-02 gate_ok=False slot0_changed=[]
  T= 210 min_cos=0.996100@KL11 max|Δ|/row=3.03e-02@VL27 rel_sink=1.56e-02 gate_ok=False slot0_changed=[]
  T= 211 min_cos=0.996100@KL11 max|Δ|/row=3.04e-02@VL27 rel_sink=1.56e-02 gate_ok=False slot0_changed=[]
  T= 218 min_cos=0.996100@KL11 max|Δ|/row=3.02e-02@VL27 rel_sink=1.56e-02 gate_ok=False slot0_changed=[]
  T= 219 min_cos=0.996100@KL11 max|Δ|/row=3.03e-02@VL27 rel_sink=1.56e-02 gate_ok=False slot0_changed=[]
  T= 225 min_cos=0.996100@KL11 max|Δ|/row=3.03e-02@VL27 rel_sink=1.56e-02 gate_ok=False slot0_changed=[]
  T= 226 min_cos=0.996100@KL11 max|Δ|/row=3.03e-02@VL27 rel_sink=1.56e-02 gate_ok=False slot0_changed=[]
  T= 232 min_cos=0.996100@KL11 max|Δ|/row=3.02e-02@VL27 rel_sink=1.56e-02 gate_ok=False slot0_changed=[]
  T= 234 min_cos=0.996100@KL11 max|Δ|/row=3.02e-02@VL27 rel_sink=1.56e-02 gate_ok=False slot0_changed=[]
  T= 240 min_cos=0.996100@KL11 max|Δ|/row=3.02e-02@VL27 rel_sink=1.56e-02 gate_ok=False slot0_changed=[]
  T= 248 min_cos=0.996100@KL11 max|Δ|/row=3.03e-02@VL27 rel_sink=1.56e-02 gate_ok=False slot0_changed=[]
  T= 256 min_cos=0.996100@KL11 max|Δ|/row=3.03e-02@VL27 rel_sink=1.56e-02 gate_ok=False slot0_changed=[]
  T= 265 min_cos=0.999362@KL11 max|Δ|/row=1.14e-02@VL27 rel_sink=5.88e-03 gate_ok=True slot0_changed=['KL0', 'KL1', 'KL2', 'KL3', 'KL4', 'KL5', 'KL6', 'KL7', 'KL8', 'KL9', 'KL10', 'KL11', 'KL12', 'KL13', 'KL14', 'KL15', 'KL16', 'KL17', 'KL18', 'KL19', 'KL20', 'KL21', 'KL22', 'KL23', 'KL24', 'KL25', 'KL26', 'KL27', 'VL0', 'VL1', 'VL2', 'VL3', 'VL4', 'VL5', 'VL6', 'VL7', 'VL8', 'VL9', 'VL10', 'VL11', 'VL12', 'VL13', 'VL14', 'VL15', 'VL16', 'VL17', 'VL18', 'VL19', 'VL20', 'VL21', 'VL22', 'VL23', 'VL24', 'VL25', 'VL26', 'VL27']
  T= 272 min_cos=0.999362@KL11 max|Δ|/row=1.14e-02@VL27 rel_sink=5.88e-03 gate_ok=True slot0_changed=[]
  T= 288 min_cos=0.999362@KL11 max|Δ|/row=1.14e-02@VL27 rel_sink=5.88e-03 gate_ok=True slot0_changed=[]
  T= 320 min_cos=0.999362@KL11 max|Δ|/row=1.12e-02@VL27 rel_sink=5.88e-03 gate_ok=True slot0_changed=[]
  T= 512 min_cos=0.999600@KL11 max|Δ|/row=8.30e-03@VL3 rel_sink=6.85e-03 gate_ok=True slot0_changed=['KL1', 'KL2', 'KL3', 'KL4', 'KL5', 'KL6', 'KL7', 'KL8', 'KL9', 'KL10', 'KL11', 'KL12', 'KL13', 'KL14', 'KL15', 'KL16', 'KL17', 'KL18', 'KL19', 'KL20', 'KL21', 'KL22', 'KL23', 'KL24', 'KL25', 'KL26', 'KL27', 'VL1', 'VL2', 'VL3', 'VL4', 'VL5', 'VL6', 'VL7', 'VL8', 'VL9', 'VL10', 'VL11', 'VL12', 'VL13', 'VL14', 'VL15', 'VL16', 'VL17', 'VL18', 'VL19', 'VL20', 'VL21', 'VL22', 'VL23', 'VL24', 'VL25', 'VL26', 'VL27']
  SINK: exact-length neutral prefixes; changing row denominator reported separately; original 2% cap unchanged
[TEST443] ▶ STAGE sink_pipeline_xray / batch vs single-row arithmetic; observational only
  PIPELINE {"T": 29, "first_changed_layer": null, "batch_vs_single_nonzero": [{"T": 29, "layer": 6, "norm_batch_vs_single_max_abs": 0.0, "K_batch_vs_single_max_abs": 0.0, "V_batch_vs_single_max_abs": 6.103515625e-05}, {"T": 29, "layer": 7, "norm_batch_vs_single_max_abs": 0.0, "K_batch_vs_single_max_abs": 0.0009765625, "V_batch_vs_single_max_abs": 6.103515625e-05}, {"T": 29, "layer": 11, "norm_batch_vs_single_max_abs": 0.0, "K_batch_vs_single_max_abs": 0.0078125, "V_batch_vs_single_max_abs": 0.0}]}
  PIPELINE {"T": 73, "first_changed_layer": {"T": 73, "layer": 0, "norm_batch_vs_single_max_abs": 0.0, "K_batch_vs_single_max_abs": 0.03125, "V_batch_vs_single_max_abs": 0.00390625, "vs_reference_T": {"hidden": 0.0, "normalized": 0.0, "K": 0.03125, "V": 0.00390625}}, "batch_vs_single_nonzero": [{"T": 73, "layer": 0, "norm_batch_vs_single_max_abs": 0.0, "K_batch_vs_single_max_abs": 0.03125, "V_batch_vs_single_max_abs": 0.00390625, "vs_reference_T": {"hidden": 0.0, "normalized": 0.0, "K": 0.03125, "V": 0.00390625}}, {"T": 73, "layer": 1, "norm_batch_vs_single_max_abs": 0.0, "K_batch_vs_single_max_abs": 0.0625, "V_batch_vs_single_max_abs": 0.00390625, "vs_reference_T": {"hidden": 0.015625, "normalized": 0.015625, "K": 0.0625, "V": 0.00390625}}, {"T": 73, "layer": 2, "norm_batch_vs_single_max_abs": 0.0, "K_batch_vs_single_max_abs": 0.03125, "V_batch_vs_single_max_abs": 0.00390625, "vs_reference_T": {"hidden": 0.0625, "normalized": 0.015625, "K": 0.03125, "V": 0.0078125}}, {"T": 73, "layer": 3, "norm_batch_vs_single_max_abs": 0.0, "K_batch_vs_single_max_abs": 0.03125, "V_batch_vs_single_max_abs": 0.00390625, "vs_reference_T": {"hidden": 0.03125, "normalized": 0.016845703125, "K": 0.0625, "V": 0.015625}}, {"T": 73, "layer": 4, "norm_batch_vs_single_max_abs": 0.0, "K_batch_vs_single_max_abs": 0.015625, "V_batch_vs_single_max_abs": 0.00048828125, "vs_reference_T": {"hidden": 2.0, "normalized": 0.00390625, "K": 0.0078125, "V": 0.0009765625}}, {"T": 73, "layer": 5, "norm_batch_vs_single_max_abs": 0.0, "K_batch_vs_single_max_abs": 0.015625, "V_batch_vs_single_max_abs": 0.0009765625, "vs_reference_T": {"hidden": 4.0, "normalized": 0.0078125, "K": 0.015625, "V": 0.0009765625}}, {"T": 73, "layer": 6, "norm_batch_vs_single_max_abs": 0.0, "K_batch_vs_single_max_abs": 0.0078125, "V_batch_vs_single_max_abs": 0.00390625, "vs_reference_T": {"hidden": 4.0, "normalized": 0.015625, "K": 0.03125, "V": 0.00390625}}, {"T": 73, "layer": 7, "norm_batch_vs_single_max_abs": 0.0, "K_batch_vs_single_max_abs": 0.0078125, "V_batch_vs_single_max_abs": 0.001953125, "vs_reference_T": {"hidden": 4.0, "normalized": 0.015625, "K": 0.0078125, "V": 0.001953125}}, {"T": 73, "layer": 8, "norm_batch_vs_single_max_abs": 0.0, "K_batch_vs_single_max_abs": 0.015625, "V_batch_vs_single_max_abs": 0.001953125, "vs_reference_T": {"hidden": 4.0, "normalized": 0.0078125, "K": 0.015625, "V": 0.0078125}}, {"T": 73, "layer": 9, "norm_batch_vs_single_max_abs": 0.0, "K_batch_vs_single_max_abs": 0.03125, "V_batch_vs_single_max_abs": 0.0078125, "vs_reference_T": {"hidden": 4.0, "normalized": 0.015625, "K": 0.03125, "V": 0.001953125}}, {"T": 73, "layer": 10, "norm_batch_vs_single_max_abs": 0.0, "K_batch_vs_single_max_abs": 0.0078125, "V_batch_vs_single_max_abs": 0.0078125, "vs_reference_T": {"hidden": 4.0, "normalized": 0.015625, "K": 0.03125, "V": 0.001953125}}, {"T": 73, "layer": 11, "norm_batch_vs_single_max_abs": 0.0, "K_batch_vs_single_max_abs": 0.03125, "V_batch_vs_single_max_abs": 0.0078125, "vs_reference_T": {"hidden": 4.0, "normalized": 0.0078125, "K": 0.03125, "V": 0.00390625}}, {"T": 73, "layer": 12, "norm_batch_vs_single_max_abs": 0.0, "K_batch_vs_single_max_abs": 0.03125, "V_batch_vs_single_max_abs": 0.00390625, "vs_reference_T": {"hidden": 4.0, "normalized": 0.0078125, "K": 0.03125, "V": 0.0078125}}, {"T": 73, "layer": 13, "norm_batch_vs_single_max_abs": 0.0, "K_batch_vs_single_max_abs": 0.015625, "V_batch_vs_single_max_abs": 0.00390625, "vs_reference_T": {"hidden": 4.0, "normalized": 0.0078125, "K": 0.015625, "V": 0.0078125}}, {"T": 73, "layer": 14, "norm_batch_vs_single_max_abs": 0.0, "K_batch_vs_single_max_abs": 0.03125, "V_batch_vs_single_max_abs": 0.0078125, "vs_reference_T": {"hidden": 4.0, "normalized": 0.0078125, "K": 0.03125, "V": 0.001953125}}, {"T": 73, "layer": 15, "norm_batch_vs_single_max_abs": 0.0, "K_batch_vs_single_max_abs": 0.03125, "V_batch_vs_single_max_abs": 0.00390625, "vs_reference_T": {"hidden": 4.0, "normalized": 0.015625, "K": 0.03125, "V": 0.00390625}}, {"T": 73, "layer": 16, "norm_batch_vs_single_max_abs": 0.0, "K_batch_vs_single_max_abs": 0.015625, "V_batch_vs_single_max_abs": 0.0078125, "vs_reference_T": {"hidden": 4.0, "normalized": 0.0078125, "K": 0.015625, "V": 0.00390625}}, {"T": 73, "layer": 17, "norm_batch_vs_single_max_abs": 0.0, "K_batch_vs_single_max_abs": 0.015625, "V_batch_vs_single_max_abs": 0.00390625, "vs_reference_T": {"hidden": 4.0, "normalized": 0.0078125, "K": 0.015625, "V": 0.015625}}, {"T": 73, "layer": 18, "norm_batch_vs_single_max_abs": 0.0, "K_batch_vs_single_max_abs": 0.015625, "V_batch_vs_single_max_abs": 0.00390625, "vs_reference_T": {"hidden": 4.0, "normalized": 0.0078125, "K": 0.015625, "V": 0.00390625}}, {"T": 73, "layer": 19, "norm_batch_vs_single_max_abs": 0.0, "K_batch_vs_single_max_abs": 0.015625, "V_batch_vs_single_max_abs": 0.0078125, "vs_reference_T": {"hidden": 4.0, "normalized": 0.03125, "K": 0.015625, "V": 0.0078125}}, {"T": 73, "
