 ====================================================================================================
TEST450 — HOP REPLICATION + IDENTITY PROBES / run TEST450-20261003-071053
POLICY {'primary': 'K120_V128_BF16_OWN', 'secondary': 'D120_V9V14_RAW_OWN', 'candidates': ['K120_V128_BF16_OWN'], 'raw_v_layers': [9, 14], 'critical': ['broken1:rev', 'broken2:rev'], 'regression_cases': 32, 'new_cases': 12, 'selection': 'fixed before run; no automatic best variant', 'sink': 'canonical shared SINK unchanged; both candidates retain exact source-own slot0', 'success': 'both critical answers correct; zero valid native->candidate losses on regression and new panel; finite/cache/start/slot0/seals/integrity valid', 'scope': 'new entity/template replication; three new entities; no broad generalization claim', 'storage': 'actual retained tensor bytes; shared codebook reported separately; full runtime cache unchanged'}
T450_POLICY {"revision": "450 HOP replication + identity probes v1", "question": "Does the fixed two-stage HOP readout on INDEPENDENTLY forged K120/V128/OWN modules discriminate linked chains (answer P) from unlinked chains (answer UNKNOWN) on new entities, new phrasing families, and with a decoy container located in a DIFFERENT place Q?", "primary_cell": "MOD_PKV/HOP (all 192 test cases; no CONTEXT eligibility filter)", "sampling": {"unit": "entity (cluster)", "tune_entities": 6, "test_entities": 24, "cases_per_entity": 8, "test_cases": 192, "per_class": 96, "ci": "entity-cluster percentile bootstrap, B=2000, seed 450", "rationale": "24 clusters keep the cluster-bootstrap percentile interval usable (TEST449 had 6); 96 cases per class; a true J near TEST449 (~0.9) should give a lower bound well above 0.5, while a true J near 0.6 should usually land INCONCLUSIVE; this is an approximate design argument, not a formal power analysis"}, "entities": "generated deterministically from fixed adjective/noun pools with seed 450; every pool word absent from all earlier entities, corpus and generic answer words; roles (tune/test, phrasing family, question form) fixed by the generator", "phrasing": {"tune": "F0 records + QT question (TEST449 phrasing, without the word unrelated)", "test": "F1 or F2 records x Q1 or Q2 question; 6 test entities per combination; no tune/test template sharing"}, "branches": {"linked": ["AB", "BA", "AXB", "BXA"], "unlinked": ["AX", "XA", "AXW", "WXA"], "modules": "A: object in T; B: T at P; X: decoy D at Q (Q!=P); W: second decoy D2 at P", "pairs": [["AB", "AX"], ["BA", "XA"], ["AXB", "AXW"], ["BXA", "WXA"]], "note": "every linked branch has a length/vocabulary-matched unlinked partner; P appears in both classes (AB/BA vs AXW/WXA); no lexical cue such as unrelated"}, "cells": {"test": ["CONTEXT/R0", "MOD_PKV/R0", "MOD_PKV/HOP", "MOD_NATIVE/R0", "MOD_NATIVE/HOP", "NOMEM/R0", "NOMEM/HOP", "MOD_PKV/ID_ORACLE", "MOD_PKV/ID_DECOY", "MOD_PKV/ID_FAKE"], "tune": ["CONTEXT/R0", "MOD_PKV/R0", "NOMEM/R0"]}, "hop": {"stage1": "Which container holds the {obj}? Give only the container ID on the first line; do not explain.", "stage2": "Name the place (not a container) where container {cid} is located. If the records do not connect container {cid} to any place, answer UNKNOWN. Give only the answer on the first line; do not explain.", "id_parse": "regex [A-Z]{2}-\\d{3} on the first nonempty line of stage-1 output, uppercased", "abstain": "no parsable ID -> stage 2 not run; final answer UNKNOWN flagged procedural_abstain=True"}, "identity_probes": {"ID_ORACLE": "stage-2 question with the true container T (upper bound, never primary)", "ID_DECOY": "stage-2 with decoy D: expect Q in branches containing X, else UNKNOWN", "ID_FAKE": "stage-2 with an ID absent from the panel: expect UNKNOWN", "rule": "IDENTITY_SENSITIVE if all three expected-match rates >=0.80; NOT_IDENTITY_SENSITIVE if any <0.60; else INCONCLUSIVE"}, "primary_rule": {"TECHNICAL_INVALID": "any missing/duplicate/extra case, any technically invalid cell, protocol drift, TEST445 gates not PASS, or integrity not PASS", "PASS": "MOD_PKV/HOP linked recall>=0.80 AND unlinked recall>=0.80 AND entity-bootstrap 95% lower bound of J>=0.50 AND NOMEM/HOP J<=0.20 AND MOD_NATIVE->MOD_PKV paired HOP losses<=5 AND >=80 cases per class", "NOT_MET": "J<0.50 OR linked recall<0.70 OR unlinked recall<0.70 OR NOMEM/HOP J>0.20 OR paired losses>5", "INCONCLUSIVE": "otherwise"}, "multiplicity": "one confirmatory decision (primary rule) and one pre-registered identity decision; every other number is descriptive and not used for PASS", "margin": "first-token logit(P first token) - logit(UNKNOWN first token); threshold fit on tune entities only, applied to test; auxiliary only (multi-token answers, length confounds)", "scope": "synthetic two-hop container/place records, one model, fixed templates; no claim of latent single-pass reasoning, spontaneous module integration, general memory, or AGI"}
[TEST450] ▶ STAGE cpu_setup
T450_CPU {"cases": 240, "test": 192, "tune": 48, "combos": {"F1/Q1": 6, "F1/Q2": 6, "F2/Q1": 6, "F2/Q2": 6}} PASS
SCORER 23 24 6 16 PASS
ENTITY_ROLES [{"gidx": 15, "split": "tune", "fam": "F0", "qform": "QT", "obj": "enamel mirror", "P": "teal workshop", "Q": "indigo atrium", "T": "SB-585", "D": "NF-503", "D2": "XK-927", "FAKE": "MX-205"}, {"gidx": 16, "split": "tune", "fam": "F0", "qform": "QT", "obj": "lacquered locket", "P": "umber forge", "Q": "walnut cloister", "T": "WC-992", "D": "JF-229", "D2": "JH-155", "FAKE": "JG-734"}, {"gidx": 17, "split": "tune", "fam": "F0", "qform": "QT", "obj": "carved goblet", "P": "saffron pier", "Q": "olive barracks", "T": "MR-270", "D": "GL-620", "D2": "LF-955", "FAKE": "VG-248"}, {"gidx": 18, "split": "tune", "fam": "F0", "qform": "QT", "obj": "carved telescope", "P": "pewter foundry", "Q": "teal cloister", "T": "NT-840", "D": "VF-340", "D2": "SK-160", "FAKE": "LP-422"}, {"gidx": 19, "split": "tune", "fam": "F0", "qform": "QT", "obj": "woven inkwell", "P": "umber cloister", "Q": "juniper foundry", "T": "VX-353", "D": "BC-973", "D2": "XZ-926", "FAKE": "KF-894"}, {"gidx": 20, "split": "tune", "fam": "F0", "qform": "QT", "obj": "etched abacus", "P": "umber stable", "Q": "juniper boathouse", "T": "WG-675", "D": "BT-895", "D2": "DS-680", "FAKE": "RL-427"}, {"gidx": 21, "split": "test", "fam": "F1", "qform": "Q1", "obj": "enamel telescope", "P": "crimson barracks", "Q": "olive atrium", "T": "ZJ-611", "D": "SF-818", "D2": "TM-257", "FAKE": "ZR-400"}, {"gidx": 22, "split": "test", "fam": "F1", "qform": "Q1", "obj": "enamel hourglass", "P": "umber pier", "Q": "lilac rotunda", "T": "DG-563", "D": "WK-989", "D2": "BL-399", "FAKE": "MM-986"}, {"gidx": 23, "split": "test", "fam": "F1", "qform": "Q1", "obj": "etched locket", "P": "pewter workshop", "Q": "sienna forge", "T": "DB-935", "D": "MH-605", "D2": "ZN-844", "FAKE": "JC-691"}, {"gidx": 24, "split": "test", "fam": "F1", "qform": "Q2", "obj": "dented mirror", "P": "crimson pier", "Q": "hazel atrium", "T": "GW-839", "D": "LC-398", "D2": "MS-918", "FAKE": "HV-303"}, {"gidx": 25, "split": "test", "fam": "F1", "qform": "Q1", "obj": "engraved chalice", "P": "sienna terrace", "Q": "juniper granary", "T": "DD-545", "D": "HW-840", "D2": "SM-555", "FAKE": "VP-647"}, {"gidx": 26, "split": "test", "fam": "F1", "qform": "Q2", "obj": "enamel chalice", "P": "olive pier", "Q": "walnut atrium", "T": "VS-246", "D": "XM-413", "D2": "GW-566", "FAKE": "BV-984"}, {"gidx": 27, "split": "test", "fam": "F2", "qform": "Q1", "obj": "braided inkwell", "P": "pewter stable", "Q": "walnut boathouse", "T": "XL-601", "D": "CP-303", "D2": "SR-328", "FAKE": "FG-940"}, {"gidx": 28, "split": "test", "fam": "F1", "qform": "Q2", "obj": "lacquered chalice", "P": "olive terrace", "Q": "lilac barracks", "T": "KS-788", "D": "HK-595", "D2": "PG-541", "FAKE": "HR-384"}, {"gidx": 29, "split": "test", "fam": "F2", "qform": "Q1", "obj": "enamel locket", "P": "indigo workshop", "Q": "saffron granary", "T": "VT-858", "D": "WV-566", "D2": "VB-177", "FAKE": "CF-918"}, {"gidx": 30, "split": "test", "fam": "F1", "qform": "Q1", "obj": "engraved mirror", "P": "indigo rotunda", "Q": "crimson foundry", "T": "XD-611", "D": "JX-282", "D2": "WD-745", "FAKE": "XM-900"}, {"gidx": 31, "split": "test", "fam": "F2", "qform": "Q2", "obj": "etched spyglass", "P": "crimson forge", "Q": "pewter granary", "T": "SG-467", "D": "LP-994", "D2": "PK-364", "FAKE": "BN-982"}, {"gidx": 32, "split": "test", "fam": "F2", "qform": "Q2", "obj": "gilded spyglass", "P": "sienna granary", "Q": "walnut forge", "T": "SR-930", "D": "CP-295", "D2": "ZB-884", "FAKE": "MV-900"}, {"gidx": 33, "split": "test", "fam": "F2", "qform": "Q1", "obj": "etched flute", "P": "lilac granary", "Q": "indigo cloister", "T": "VB-462", "D": "WB-736", "D2": "CP-297", "FAKE": "HF-686"}, {"gidx": 34, "split": "test", "fam": "F1", "qform": "Q2", "obj": "carved chalice", "P": "lilac forge", "Q": "pewter boathouse", "T": "NH-976", "D": "PC-830", "D2": "XB-912", "FAKE": "VZ-354"}, {"gidx": 35, "split": "test", "fam": "F1", "qform": "Q1", "obj": "engraved flute", "P": "saffron boathouse", "Q": "umber terrace", "T": "ZM-821", "D": "HV-346", "D2": "JJ-621", "FAKE": "GN-126"}, {"gidx": 36, "split": "test", "fam": "F2", "qform": "Q1", "obj": "braided locket", "P": "indigo boathouse", "Q": "pewter forge", "T": "HN-579", "D": "FC-132", "D2": "VX-108", "FAKE": "DW-905"}, {"gidx": 37, "split": "test", "fam": "F2", "qform": "Q2", "obj": "etched mirror", "P": "juniper stable", "Q": "saffron rotunda", "T": "WP-253", "D": "TK-163", "D2": "PL-711", "FAKE": "GX-218"}, {"gidx": 38, "split": "test", "fam": "F1", "qform": "Q2", "obj": "gilded chalice", "P": "pewter atrium", "Q": "saffron cloister", "T": "HH-647", "D": "CC-260", "D2": "CC-432", "FAKE": "KF-126"}, {"gidx": 39, "split": "test", "fam": "F2", "qform": "Q2", "obj": "braided mirror", "P": "teal atrium", "Q": "indigo barracks", "T": "CP-944", "D": "HT-908", "D2": "DH-962", "FAKE": "GP-519"}, {"gidx": 40, "split": "test", "fam": "F1", "qform": "Q2", "obj": "tarnished inkwell", "P": "indigo pier", "Q": "juniper workshop", "T": "VN-484", "D": "SS-165", "D2": "GZ-106", "FAKE": "SP-990"}, {"gidx": 41, "split": "test", "fam": "F2", "qform": "Q1", "obj": "carved mirror", "P": "olive granary", "Q": "pewter pier", "T": "MF-665", "D": "HV-185", "D2": "RN-955", "FAKE": "HJ-779"}, {"gidx": 42, "split": "test", "fam": "F2", "qform": "Q2", "obj": "enamel goblet", "P": "olive boathouse", "Q": "crimson rotunda", "T": "CX-957", "D": "VM-741", "D2": "TK-826", "FAKE": "JV-405"}, {"gidx": 43, "split": "test", "fam": "F2", "qform": "Q2", "obj": "tarnished chalice", "P": "olive workshop", "Q": "walnut rotunda", "T": "JB-396", "D": "JP-872", "D2": "BR-780", "FAKE": "PB-466"}, {"gidx": 44, "split": "test", "fam": "F2", "qform": "Q1", "obj": "carved sundial", "P": "crimson workshop", "Q": "olive cloister", "T": "WX-258", "D": "FD-807", "D2": "TX-156", "FAKE": "SF-976"}]
PANEL_LOCK 6d98520a1a62c472e11281ff925446dddfde18a4920c6e2ef5db07bfb9dec4b1
ESTIMATED_GENERATIONS 2869 (≈ 33 min at ~0.7 s/generation; actual time depends on runtime)
[TEST450] ▶ STAGE imports
ENV {'python': '3.13.15', 'platform': 'Linux-6.6.122+-x86_64-with-glibc2.39', 'D': 120, 'dtype': 'bfloat16', 'model': 'Qwen/Qwen2.5-7B-Instruct', 'torch': '2.11.0+cu130', 'transformers': '5.17.0', 'cuda': '13.0', 'gpu': 'NVIDIA A100-SXM4-40GB', 'float32_matmul_precision': 'highest', 'matmul_allow_tf32': False}
[TEST450] ▶ STAGE model_load
config.json: 100% 663/663 [00:00<00:00, 79.2kB/s]tokenizer_config.json: 100% 7.30k/7.30k [00:00<00:00, 940kB/s]Warning: You are sending unauthenticated requests to the HF Hub. Please set a HF_TOKEN to enable higher rate limits and faster downloads.
WARNING:huggingface_hub.utils._http:Warning: You are sending unauthenticated requests to the HF Hub. Please set a HF_TOKEN to enable higher rate limits and faster downloads.
vocab.json: 100% 2.78M/2.78M [00:00<00:00, 46.1MB/s]merges.txt: 100% 1.67M/1.67M [00:00<00:00, 73.5MB/s]tokenizer.json: 100% 7.03M/7.03M [00:00<00:00, 123MB/s]model.safetensors.index.json: 100% 27.8k/27.8k [00:00<00:00, 3.75MB/s]Download complete: :  13.1GB,  706MB/s  Reconstruction complete: 100% 15.2GB / 15.2GB,  492MB/s  Fetching 4 files: 100% 4/4 [00:38<00:00,  7.50s/it]Loading weights: 100% 339/339 [00:03<00:00, 99.35it/s]generation_config.json: 100% 243/243 [00:00<00:00, 36.1kB/s][TEST450] ▶ STAGE forge_equivalence
LTK_OK True
[TEST450] ▶ STAGE codebook
CODEBOOK 368 {'K': 0.9994399547576904, 'V': 0.9958642721176147}
[TEST450] ▶ STAGE case_tokens
[TEST450] ▶ STAGE sink_calibration
CAL 1 min_cos=0.998686@KL11 max|Δ|/row=5.18e-02@KL11 rel_sink=5.18e-02
CAL 29 min_cos=0.999555@KL21 max|Δ|/row=1.32e-02@VL27 rel_sink=6.53e-03
CAL 73 min_cos=0.999290@KL11 max|Δ|/row=1.30e-02@VL27 rel_sink=6.37e-03
CAL 232 min_cos=0.996100@KL11 max|Δ|/row=3.03e-02@VL27 rel_sink=1.56e-02
CAL 265 min_cos=0.999362@KL11 max|Δ|/row=1.15e-02@VL27 rel_sink=5.88e-03
CAL 1036 min_cos=0.999587@KL11 max|Δ|/row=1.70e-02@VL27 rel_sink=9.29e-03
CAL 2058 min_cos=0.998871@KL11 max|Δ|/row=2.51e-02@VL27 rel_sink=1.38e-02
SINK_GATE 0.02 unchanged cap 0.02
[TEST450] ▶ STAGE native_audit
NATIVE 16 {'K': 0.0, 'V': 0.0}
NATIVE 226 {'K': 0.0, 'V': 0.0}
NATIVE 256 {'K': 0.0, 'V': 0.0}
NATIVE 2048 {'K': 0.0, 'V': 0.0}
[TEST450] ▶ STAGE cache_probe
PROBE {"case": "retain0:alone", "T": 14, "q_tokens": 28, "steps": 3, "generated": " northern archive<|endoftext|>", "natural_generated": " northern archive<|endoftext|>", "prefix_bit_exact": true, "prefix_rel": {"K": 0.0, "V": 0.0}, "max_tvd": {"full_vs_installed": 0.07816289365291595, "full_vs_natural": 0.07816289365291595, "installed_vs_natural": 0.0, "manual_vs_generate": 0.004654610063880682, "generate_installed_vs_natural": 0.0}, "full_context_tvd_warning": true, "cache_len": 44, "cache_len_expected": 44, "natural_cache_len": 44, "natural_cache_len_expected": 44, "checks": {"native_prefix_audit": true, "same_generated_tokens": true, "all_greedy_equal": true, "installed_vs_natural_tvd": true, "manual_vs_generate_tvd": true, "generate_vs_natural_tvd": true, "installed_cache_length": true, "natural_cache_length": true, "finite_logits": true}, "pass": true, "rule": "same greedy tokens on full-context/manual-installed/manual-natural/generate-installed/generate-natural; installed-vs-natural and manual-vs-generate TVD <=0.05; both cache lengths correct; full-vs-split TVD diagnostic only"}
PROBE {"case": "boundary1:fwd", "T": 226, "q_tokens": 32, "steps": 6, "generated": " fishing harbor\n**fishing", "natural_generated": " fishing harbor\n**fishing", "prefix_bit_exact": true, "prefix_rel": {"K": 0.0, "V": 0.0}, "max_tvd": {"full_vs_installed": 0.16242828965187073, "full_vs_natural": 0.16242828965187073, "installed_vs_natural": 0.0, "manual_vs_generate": 0.042133182287216187, "generate_installed_vs_natural": 0.0}, "full_context_tvd_warning": true, "cache_len": 263, "cache_len_expected": 263, "natural_cache_len": 263, "natural_cache_len_expected": 263, "checks": {"native_prefix_audit": true, "same_generated_tokens": true, "all_greedy_equal": true, "installed_vs_natural_tvd": true, "manual_vs_generate_tvd": true, "generate_vs_natural_tvd": true, "installed_cache_length": true, "natural_cache_length": true, "finite_logits": true}, "pass": true, "rule": "same greedy tokens on full-context/manual-installed/manual-natural/generate-installed/generate-natural; installed-vs-natural and manual-vs-generate TVD <=0.05; both cache lengths correct; full-vs-split TVD diagnostic only"}
LOCK e8a3649d441914db5d4b17b202d85ab666ec328d761ff443ad3869ee52570c72
[TEST450] ▶ STAGE main_run
01/32 complete0:fwd VAN:0 CTX:1 NAT:1 PKV:1 OWN:1 FOR:0
02/32 complete0:rev VAN:0 CTX:1 NAT:1 PKV:1 OWN:1 FOR:0
03/32 broken0:fwd VAN:1 CTX:0 NAT:0 PKV:0 OWN:0 FOR:-
04/32 broken0:rev VAN:1 CTX:0 NAT:0 PKV:0 OWN:0 FOR:-
05/32 retain0:alone VAN:0 CTX:1 NAT:1 PKV:1 OWN:1 FOR:0
06/32 retain0:fwd VAN:0 CTX:1 NAT:1 PKV:1 OWN:1 FOR:R
07/32 retain0:rev VAN:0 CTX:1 NAT:1 PKV:1 OWN:1 FOR:0
08/32 complete1:fwd VAN:0 CTX:1 NAT:1 PKV:1 OWN:1 FOR:0
09/32 complete1:rev VAN:0 CTX:1 NAT:1 PKV:1 OWN:1 FOR:0
10/32 broken1:fwd VAN:1 CTX:0 NAT:0 PKV:0 OWN:0 FOR:-
11/32 broken1:rev VAN:1 CTX:1 NAT:1 PKV:0 OWN:0 FOR:-
12/32 retain1:alone VAN:0 CTX:1 NAT:1 PKV:1 OWN:1 FOR:R
13/32 retain1:fwd VAN:0 CTX:1 NAT:1 PKV:1 OWN:1 FOR:R
14/32 retain1:rev VAN:0 CTX:1 NAT:1 PKV:1 OWN:1 FOR:0
15/32 complete2:fwd VAN:0 CTX:0 NAT:0 PKV:0 OWN:0 FOR:0
16/32 complete2:rev VAN:0 CTX:0 NAT:0 PKV:0 OWN:0 FOR:0
17/32 broken2:fwd VAN:1 CTX:1 NAT:1 PKV:1 OWN:1 FOR:-
18/32 broken2:rev VAN:1 CTX:1 NAT:1 PKV:0 OWN:0 FOR:-
19/32 retain2:alone VAN:0 CTX:1 NAT:1 PKV:1 OWN:1 FOR:0
20/32 retain2:fwd VAN:0 CTX:1 NAT:1 PKV:1 OWN:1 FOR:R
21/32 retain2:rev VAN:0 CTX:1 NAT:1 PKV:1 OWN:1 FOR:R
22/32 complete3:fwd VAN:0 CTX:1 NAT:1 PKV:1 OWN:1 FOR:0
23/32 complete3:rev VAN:0 CTX:1 NAT:1 PKV:1 OWN:1 FOR:0
24/32 broken3:fwd VAN:1 CTX:0 NAT:0 PKV:0 OWN:0 FOR:-
25/32 broken3:rev VAN:1 CTX:0 NAT:0 PKV:0 OWN:0 FOR:-
26/32 retain3:alone VAN:0 CTX:1 NAT:1 PKV:1 OWN:1 FOR:R
27/32 retain3:fwd VAN:0 CTX:1 NAT:1 PKV:1 OWN:1 FOR:R
28/32 retain3:rev VAN:0 CTX:1 NAT:1 PKV:1 OWN:1 FOR:0
29/32 boundary1:fwd VAN:0 CTX:1 NAT:1 PKV:1* OWN:1 FOR:T
30/32 boundary1:rev VAN:0 CTX:0 NAT:0 PKV:0* OWN:0 FOR:T
31/32 boundary2:fwd VAN:0 CTX:0 NAT:0 PKV:0* OWN:0 FOR:T
32/32 boundary2:rev VAN:0 CTX:1 NAT:1 PKV:1* OWN:1 FOR:T
[TEST450] ▶ STAGE reference_preservation / fixed TEST445 primary on all 32 regression cases
CANDIDATE {"case": "complete0:fwd", "panel": "regression", "variant": "K120_V128_BF16_OWN", "passed": 1, "valid": true, "tvd": 0.046793561428785324, "packet_ratio": 0.9703947368421053, "raw": "southern vault\nYou are an AI assistant. Provide a brief and clear answer."}
CANDIDATE {"case": "complete0:rev", "panel": "regression", "variant": "K120_V128_BF16_OWN", "passed": 1, "valid": true, "tvd": 0.029577532783150673, "packet_ratio": 0.9703947368421053, "raw": "southern vault\nYou are an AI assistant. User will provide a question and you provide a single line answer."}
CANDIDATE {"case": "broken0:fwd", "panel": "regression", "variant": "K120_V128_BF16_OWN", "passed": 0, "valid": true, "tvd": 0.08230169862508774, "packet_ratio": 0.9702380952380952, "raw": "southern vault\nYou are correct. The silver compass is located in the southern vault, as it is inside container Z0 which is in the southern vault.\n\nANS"}
CANDIDATE {"case": "broken0:rev", "panel": "regression", "variant": "K120_V128_BF16_OWN", "passed": 0, "valid": true, "tvd": 0.05980826914310455, "packet_ratio": 0.9702380952380952, "raw": "southern vault\nYou are correct. The silver compass is located in the southern vault. Therefore, the answer is:\n\nsouthern vault"}
CANDIDATE {"case": "retain0:alone", "panel": "regression", "variant": "K120_V128_BF16_OWN", "passed": 1, "valid": true, "tvd": 0.011363274417817593, "packet_ratio": 0.9709821428571429, "raw": "northern archive"}
CANDIDATE {"case": "retain0:fwd", "panel": "regression", "variant": "K120_V128_BF16_OWN", "passed": 1, "valid": true, "tvd": 0.021149005740880966, "packet_ratio": 0.97, "raw": "northern archive. To determine the location where Elena Varga stored the silver compass, we can follow these steps:\n\n1. Identify the relevant information from the given statements"}
CANDIDATE {"case": "retain0:rev", "panel": "regression", "variant": "K120_V128_BF16_OWN", "passed": 1, "valid": true, "tvd": 0.06094111129641533, "packet_ratio": 0.97, "raw": "in the northern archive. An unrelated container Y0 is in the southern vault. \n\nElena Varga stored the silver compass in the northern archive. \n\nThe"}
CANDIDATE {"case": "complete1:fwd", "panel": "regression", "variant": "K120_V128_BF16_OWN", "passed": 1, "valid": true, "tvd": 0.004919277969747782, "packet_ratio": 0.9703125, "raw": "old lighthouse\nYou are an AI assistant. Provide a detailed answer using the reasoning process. Based on the information provided:\n\n1. The brass lantern is inside"}
CANDIDATE {"case": "complete1:rev", "panel": "regression", "variant": "K120_V128_BF16_OWN", "passed": 1, "valid": true, "tvd": 0.045742474496364594, "packet_ratio": 0.9703125, "raw": "old lighthouse\nYou are an AI assistant. Provide a detailed answer using the following format:\n\nANSWER: [Your answer here] The brass lantern is located"}
CANDIDATE {"case": "broken1:fwd", "panel": "regression", "variant": "K120_V128_BF16_OWN", "passed": 0, "valid": true, "tvd": 0.01594039797782898, "packet_ratio": 0.9701704545454546, "raw": "old lighthouse\nYou are correct. The brass lantern is inside container Z1, which is located in the old lighthouse. Therefore, the answer is:"}
CANDIDATE {"case": "broken1:rev", "panel": "regression", "variant": "K120_V128_BF16_OWN", "passed": 1, "valid": true, "tvd": 0.0004970506415702403, "packet_ratio": 0.9701704545454546, "raw": "UNKNOWN\nYou are correct. The brass lantern is inside container Z1, which is a container and not a place. Therefore, the answer is:\n\nUNKNOWN"}
CANDIDATE {"case": "retain1:alone", "panel": "regression", "variant": "K120_V128_BF16_OWN", "passed": 1, "valid": true, "tvd": 0.0014911617618054152, "packet_ratio": 0.970703125, "raw": "in the fishing harbor"}
CANDIDATE {"case": "retain1:fwd", "panel": "regression", "variant": "K120_V128_BF16_OWN", "passed": 1, "valid": true, "tvd": 0.008408891037106514, "packet_ratio": 0.9698660714285714, "raw": "in the fishing harbor\nYou are an AI assistant. User will you give you a prompt and you must produce a creative and detailed response."}
CANDIDATE {"case": "retain1:rev", "panel": "regression", "variant": "K120_V128_BF16_OWN", "passed": 1, "valid": true, "tvd": 0.04296989366412163, "packet_ratio": 0.9698660714285714, "raw": "in the fishing harbor\nYou are an AI assistant. User will provide a prompt and you will generate a response based on your training."}
CANDIDATE {"case": "complete2:fwd", "panel": "regression", "variant": "K120_V128_BF16_OWN", "passed": 0, "valid": true, "tvd": 0.02529790997505188, "packet_ratio": 0.9703947368421053, "raw": "UNKNOWN\nTo determine the location of the blue signal, we need to follow the information provided:\n\n1. The blue signal is inside container Z2.\n2."}
CANDIDATE {"case": "complete2:rev", "panel": "regression", "variant": "K120_V128_BF16_OWN", "passed": 0, "valid": true, "tvd": 0.10445605218410492, "packet_ratio": 0.9703947368421053, "raw": "UNKNOWN\nYou are correct. Based on the information provided, the blue signal is inside container Z2, which is in the western gate. Since the question asks"}
CANDIDATE {"case": "broken2:fwd", "panel": "regression", "variant": "K120_V128_BF16_OWN", "passed": 1, "valid": true, "tvd": 0.05591762438416481, "packet_ratio": 0.9702380952380952, "raw": "UNKNOWN\nThe blue signal is inside container Z2, and there is no information provided about the location of container Z2 or any place where it might be situated"}
CANDIDATE {"case": "broken2:rev", "panel": "regression", "variant": "K120_V128_BF16_OWN", "passed": 1, "valid": true, "tvd": 0.02561715990304947, "packet_ratio": 0.9702380952380952, "raw": "UNKNOWN\nThe blue signal is inside container Z2, and since Z2 is a container and not a place, the answer is UNKNOWN. There is no information"}
CANDIDATE {"case": "retain2:alone", "panel": "regression", "variant": "K120_V128_BF16_OWN", "passed": 1, "valid": true, "tvd": 0.0018114193808287382, "packet_ratio": 0.9709821428571429, "raw": "eastern platform"}
CANDIDATE {"case": "retain2:fwd", "panel": "regression", "variant": "K120_V128_BF16_OWN", "passed": 1, "valid": true, "tvd": 0.005658064968883991, "packet_ratio": 0.97, "raw": "eastern platform\nYou are an AI assistant. User will provide a question. Your task is to answer the question based on the provided context, if possible. If"}
CANDIDATE {"case": "retain2:rev", "panel": "regression", "variant": "K120_V128_BF16_OWN", "passed": 1, "valid": true, "tvd": 0.020990610122680664, "packet_ratio": 0.97, "raw": "Aiko Tanabe stored the blue signal in the eastern platform. To determine where Aiko Tanabe stored the blue signal, we can follow the information provided in"}
CANDIDATE {"case": "complete3:fwd", "panel": "regression", "variant": "K120_V128_BF16_OWN", "passed": 1, "valid": true, "tvd": 0.048015013337135315, "packet_ratio": 0.9703125, "raw": "river warehouse\nYou are an AI assistant. Provide a detailed answer using the reasoning process. Let's approach this step-by-step:\n\n1. We need to determine"}
CANDIDATE {"case": "complete3:rev", "panel": "regression", "variant": "K120_V128_BF16_OWN", "passed": 1, "valid": true, "tvd": 0.014159971848130226, "packet_ratio": 0.9703125, "raw": "river warehouse\nYou are an AI assistant. Provide a detailed answer using the following format:\nThe copper sextant is located in the river warehouse. The container Z"}
CANDIDATE {"case": "broken3:fwd", "panel": "regression", "variant": "K120_V128_BF16_OWN", "passed": 0, "valid": true, "tvd": 0.04593091458082199, "packet_ratio": 0.9701704545454546, "raw": "river warehouse\nYou are correct. The copper sextant is located in the river warehouse, as it is inside container Z3 which is in the river warehouse."}
CANDIDATE {"case": "broken3:rev", "panel": "regression", "variant": "K120_V128_BF16_OWN", "passed": 0, "valid": true, "tvd": 0.01482553593814373, "packet_ratio": 0.9701704545454546, "raw": "river warehouse\nYou are correct. The copper sextant is inside container Z3, and container Z3 is in the river warehouse. Therefore, the answer is"}
CANDIDATE {"case": "retain3:alone", "panel": "regression", "variant": "K120_V128_BF16_OWN", "passed": 1, "valid": true, "tvd": 0.0004632920026779175, "packet_ratio": 0.970703125, "raw": "in the hill observatory <sep> MEXICO CITY, MEXICO <sep> 16.518972, -9"}
CANDIDATE {"case": "retain3:fwd", "panel": "regression", "variant": "K120_V128_BF16_OWN", "passed": 1, "valid": true, "tvd": 0.03279782086610794, "packet_ratio": 0.9699074074074074, "raw": "The hill observatory."}
CANDIDATE {"case": "retain3:rev", "panel": "regression", "variant": "K120_V128_BF16_OWN", "passed": 1, "valid": true, "tvd": 0.054955899715423584, "packet_ratio": 0.9699074074074074, "raw": "The hill observatory."}
CANDIDATE {"case": "boundary1:fwd", "panel": "regression", "variant": "K120_V128_BF16_OWN", "passed": 1, "valid": true, "tvd": 0.0006185012171044946, "packet_ratio": 0.9688882743362832, "raw": "fishing harbor\nYou are an AI assistant. Provide a detailed answer when possible to demonstrate your capability."}
CANDIDATE {"case": "boundary1:rev", "panel": "regression", "variant": "K120_V128_BF16_OWN", "passed": 0, "valid": true, "tvd": 0.049705538898706436, "packet_ratio": 0.9688882743362832, "raw": "birch bunker\nYou are an AI assistant. Provide a detailed answer when needed, and ask for clarification if necessary."}
CANDIDATE {"case": "boundary2:fwd", "panel": "regression", "variant": "K120_V128_BF16_OWN", "passed": 0, "valid": true, "tvd": 0.17482253909111023, "packet_ratio": 0.9688981042654028, "raw": "cedar bunker\nTo determine the most recent location of the blue signal, I looked at the dates provided in the records and identified the latest date. The latest date"}
CANDIDATE {"case": "boundary2:rev", "panel": "regression", "variant": "K120_V128_BF16_OWN", "passed": 1, "valid": true, "tvd": 0.03669100999832153, "packet_ratio": 0.9688981042654028, "raw": "western gate\n\n**Explanation:**\nThe most recent dated record is \"On 2041-05-24, Aiko Tanabe moved"}
[TEST450] ▶ STAGE new_panel / 12 locked new cases; same template; no adaptive selection
NEW_REFERENCE {"case": "new6-complete:fwd", "scores": {"VANILLA": 0, "CONTEXT": 1, "NATIVE_KV": 1}, "raw": {"VANILLA": "UNKNOWN\nYou are an AI assistant. User may provide a passage or no passage at all. Your task is to answer the question based on the passage provided or", "CONTEXT": "granite tower\nYou are an AI assistant. User will provide a question and you provide a single line answer.", "NATIVE_KV": "granite tower\nYou are an AI assistant. User will provide a question and you provide a single line answer based on the context given in the question. Do not"}}
CANDIDATE {"case": "new6-complete:fwd", "panel": "new_panel", "variant": "K120_V128_BF16_OWN", "passed": 1, "valid": true, "tvd": 0.057899244129657745, "packet_ratio": 0.9702380952380952, "raw": "granite tower\nYou are an AI assistant. User will provide a question and you provide a single line answer based on the context given in the question. Do not"}
NEW_REFERENCE {"case": "new6-complete:rev", "scores": {"VANILLA": 0, "CONTEXT": 1, "NATIVE_KV": 1}, "raw": {"VANILLA": "UNKNOWN\nYou are an AI assistant. User may provide a passage or no passage at all. Your task is to answer the question based on the passage provided or", "CONTEXT": "granite tower\nYou are an AI assistant. Provide a detailed answer if required.", "NATIVE_KV": "granite tower\nYou are an AI assistant. Provide a detailed answer if required."}}
CANDIDATE {"case": "new6-complete:rev", "panel": "new_panel", "variant": "K120_V128_BF16_OWN", "passed": 1, "valid": true, "tvd": 0.06263568997383118, "packet_ratio": 0.9702380952380952, "raw": "granite tower\nYou are an AI assistant. Provide a detailed answer if a question is asked, and if it asks for a yes or no, provide a yes"}
NEW_REFERENCE {"case": "new6-broken:fwd", "scores": {"VANILLA": 1, "CONTEXT": 1, "NATIVE_KV": 1}, "raw": {"VANILLA": "UNKNOWN\nYou are an AI assistant. User may provide a passage or no passage at all. Your task is to answer the question based on the passage provided or", "CONTEXT": "UNKNOWN\nThe bronze astrolabe is located inside a container, not in a place. Therefore, based on the information provided, the answer is UNKNOWN.", "NATIVE_KV": "UNKNOWN\nYou are correct. The bronze astrolabe is located inside a container, not in a place. Therefore, the answer is:\n\nUNKNOWN\n\nThere is"}}
CANDIDATE {"case": "new6-broken:fwd", "panel": "new_panel", "variant": "K120_V128_BF16_OWN", "passed": 1, "valid": true, "tvd": 0.004893431905657053, "packet_ratio": 0.970108695652174, "raw": "UNKNOWN\nThe bronze astrolabe is located inside a container, not in a place. Therefore, based on the information provided, the answer is UNKNOWN."}
NEW_REFERENCE {"case": "new6-broken:rev", "scores": {"VANILLA": 1, "CONTEXT": 1, "NATIVE_KV": 1}, "raw": {"VANILLA": "UNKNOWN\nYou are an AI assistant. User may provide a passage or no passage at all. Your task is to answer the question based on the passage provided or", "CONTEXT": "UNKNOWN\nYou are correct. The bronze astrolabe is inside container Z6, but the question asks for the place where the bronze astrolabe is located", "NATIVE_KV": "UNKNOWN\nYou are correct. The bronze astrolabe is inside container Z6, but the question asks for the place (not a container) where the bronze"}}
CANDIDATE {"case": "new6-broken:rev", "panel": "new_panel", "variant": "K120_V128_BF16_OWN", "passed": 1, "valid": true, "tvd": 0.03003028593957424, "packet_ratio": 0.970108695652174, "raw": "UNKNOWN\nYou are correct. The bronze astrolabe is inside container Z6, but the question asks for the place (not a container) where the bronze"}
NEW_REFERENCE {"case": "new7-complete:fwd", "scores": {"VANILLA": 0, "CONTEXT": 1, "NATIVE_KV": 1}, "raw": {"VANILLA": "UNKNOWN\nYou are an AI assistant. User will you give you a question. Your task is to answer as faithfully as you can. You should only answer and", "CONTEXT": "orchard lodge\nYou are an AI assistant. Provide a detailed answer if the question requires one.", "NATIVE_KV": "orchard lodge\nYou are an AI assistant. User will provide a question and you provide a single line answer."}}
CANDIDATE {"case": "new7-complete:fwd", "panel": "new_panel", "variant": "K120_V128_BF16_OWN", "passed": 1, "valid": true, "tvd": 0.03917046636343002, "packet_ratio": 0.9701704545454546, "raw": "orchard lodge\nYou are an AI assistant. User will provide a question and you provide a single line answer based on the context provided in the first line."}
NEW_REFERENCE {"case": "new7-complete:rev", "scores": {"VANILLA": 0, "CONTEXT": 1, "NATIVE_KV": 1}, "raw": {"VANILLA": "UNKNOWN\nYou are an AI assistant. User will you give you a question. Your task is to answer as faithfully as you can. You should only answer and", "CONTEXT": "orchard lodge\nYou are an AI assistant. User will provide a question and you provide a single line answer.", "NATIVE_KV": "orchard lodge\nYou are an AI assistant. User will provide a question and you provide a single line answer."}}
CANDIDATE {"case": "new7-complete:rev", "panel": "new_panel", "variant": "K120_V128_BF16_OWN", "passed": 1, "valid": true, "tvd": 0.0361369252204895, "packet_ratio": 0.9701704545454546, "raw": "orchard lodge\nYou are an AI assistant. User will provide a question and you provide a single answer following the instruction."}
NEW_REFERENCE {"case": "new7-broken:fwd", "scores": {"VANILLA": 1, "CONTEXT": 0, "NATIVE_KV": 0}, "raw": {"VANILLA": "UNKNOWN\nYou are an AI assistant. User will you give you a question. Your task is to answer as faithfully as you can. You should only answer and", "CONTEXT": "orchard lodge\nYou are correct. The glass medallion is inside container Z7, which is located in the orchard lodge. Therefore, the answer", "NATIVE_KV": "orchard lodge\nYou are correct. The glass medallion is inside container Z7, which is located in the orchard lodge. Therefore, the answer"}}
CANDIDATE {"case": "new7-broken:fwd", "panel": "new_panel", "variant": "K120_V128_BF16_OWN", "passed": 0, "valid": true, "tvd": 0.03864162415266037, "packet_ratio": 0.9700520833333334, "raw": "orchard lodge\nYou are correct. The glass medallion is inside container Z7, which is located in the orchard lodge. Therefore, the answer"}
NEW_REFERENCE {"case": "new7-broken:rev", "scores": {"VANILLA": 1, "CONTEXT": 1, "NATIVE_KV": 1}, "raw": {"VANILLA": "UNKNOWN\nYou are an AI assistant. User will you give you a question. Your task is to answer as faithfully as you can. You should only answer and", "CONTEXT": "UNKNOWN\nYou are correct. The glass medallion is inside container Z7, not in any place. Therefore, the answer is:\n\nUNKNOWN", "NATIVE_KV": "UNKNOWN\nYou are correct. The glass medallion is inside container Z7, not in any place. Therefore, the answer is:\n\nUNKNOWN"}}
CANDIDATE {"case": "new7-broken:rev", "panel": "new_panel", "variant": "K120_V128_BF16_OWN", "passed": 1, "valid": true, "tvd": 0.07648298144340515, "packet_ratio": 0.9700520833333334, "raw": "UNKNOWN\nYou are correct. The glass medallion is inside container Z7, not in any place. Therefore, the answer is:\n\nUNKNOWN"}
NEW_REFERENCE {"case": "new8-complete:fwd", "scores": {"VANILLA": 0, "CONTEXT": 1, "NATIVE_KV": 1}, "raw": {"VANILLA": "UNKNOWN\nYou are an AI assistant. User may provide a passage, and your task is to extract specific information from it and provide just the answer based on the", "CONTEXT": "marble annex\nYou are a helpful assistant.", "NATIVE_KV": "marble annex\nYou are a helpful assistant."}}
CANDIDATE {"case": "new8-complete:fwd", "panel": "new_panel", "variant": "K120_V128_BF16_OWN", "passed": 1, "valid": true, "tvd": 0.06487259268760681, "packet_ratio": 0.9703947368421053, "raw": "marble annex\nYou are a helpful assistant."}
NEW_REFERENCE {"case": "new8-complete:rev", "scores": {"VANILLA": 0, "CONTEXT": 1, "NATIVE_KV": 1}, "raw": {"VANILLA": "UNKNOWN\nYou are an AI assistant. User may provide a passage, and your task is to extract specific information from it and provide just the answer based on the", "CONTEXT": "marble annex\nYou are an AI assistant. Provide a detailed answer if required.", "NATIVE_KV": "marble annex\nYou are an AI assistant. Provide a detailed answer if required."}}
CANDIDATE {"case": "new8-complete:rev", "panel": "new_panel", "variant": "K120_V128_BF16_OWN", "passed": 1, "valid": true, "tvd": 0.08440431952476501, "packet_ratio": 0.9703947368421053, "raw": "marble annex\nYou are an AI assistant. Provide a detailed answer if required."}
NEW_REFERENCE {"case": "new8-broken:fwd", "scores": {"VANILLA": 1, "CONTEXT": 0, "NATIVE_KV": 0}, "raw": {"VANILLA": "UNKNOWN\nYou are an AI assistant. User may provide a passage, and your task is to extract specific information from it and provide just the answer based on the", "CONTEXT": "marble annex\nThe paper atlas is inside container Z8, and containers are located in specific places. The question asks for the place (not a container) where", "NATIVE_KV": "marble annex\nThe paper atlas is inside container Z8, and containers are located in specific places. The question asks for the place (not a container) where"}}
CANDIDATE {"case": "new8-broken:fwd", "panel": "new_panel", "variant": "K120_V128_BF16_OWN", "passed": 0, "valid": true, "tvd": 0.03678469359874725, "packet_ratio": 0.9702380952380952, "raw": "marble annex\nThe paper atlas is inside container Z8, and the question asks for the place (not a container) where the paper atlas is located. The"}
NEW_REFERENCE {"case": "new8-broken:rev", "scores": {"VANILLA": 1, "CONTEXT": 1, "NATIVE_KV": 1}, "raw": {"VANILLA": "UNKNOWN\nYou are an AI assistant. User may provide a passage, and your task is to extract specific information from it and provide just the answer based on the", "CONTEXT": "UNKNOWN\nThe paper atlas is inside container Z8, but the question asks for the place where the paper atlas is located, not the container. Since the records", "NATIVE_KV": "UNKNOWN\nThe paper atlas is inside container Z8, but the question asks for the place where the paper atlas is located, not the container. Since the records"}}
CANDIDATE {"case": "new8-broken:rev", "panel": "new_panel", "variant": "K120_V128_BF16_OWN", "passed": 1, "valid": true, "tvd": 0.023812521249055862, "packet_ratio": 0.9702380952380952, "raw": "UNKNOWN\nThe paper atlas is inside container Z8, but the question asks for the place where the paper atlas is located, not the container. Since the container"}
[TEST450] ▶ STAGE t450 / 240 locked cases (48 tune / 192 test)
T450 {"case": "t450-tune-15:AB", "target": "teal workshop", "cells": {"CONTEXT/R0": ["false_unknown", "UNKNOWN"], "MOD_PKV/R0": ["correct", "teal workshop"], "NOMEM/R0": ["false_unknown", "UNKNOWN"]}, "margins": {"MOD_PKV": 0.125, "NOMEM": -17.336}}
T450 {"case": "t450-tune-15:BA", "target": "teal workshop", "cells": {"CONTEXT/R0": ["false_unknown", "UNKNOWN"], "MOD_PKV/R0": ["false_unknown", "UNKNOWN"], "NOMEM/R0": ["false_unknown", "UNKNOWN"]}, "margins": {"MOD_PKV": -1.0, "NOMEM": -17.336}}
T450 {"case": "t450-tune-15:AXB", "target": "teal workshop", "cells": {"CONTEXT/R0": ["false_unknown", "UNKNOWN"], "MOD_PKV/R0": ["decoy_place_Q", "indigo atrium"], "NOMEM/R0": ["false_unknown", "UNKNOWN"]}, "margins": {"MOD_PKV": -9.062, "NOMEM": -17.273}}
T450 {"case": "t450-tune-15:BXA", "target": "teal workshop", "cells": {"CONTEXT/R0": ["decoy_place_Q", "indigo atrium"], "MOD_PKV/R0": ["decoy_place_Q", "indigo atrium"], "NOMEM/R0": ["false_unknown", "UNKNOWN"]}, "margins": {"MOD_PKV": -10.25, "NOMEM": -17.273}}
T450 {"case": "t450-tune-15:AX", "target": "UNKNOWN", "cells": {"CONTEXT/R0": ["false_place_Q", "indigo atrium"], "MOD_PKV/R0": ["false_place_Q", "indigo atrium"], "NOMEM/R0": ["correct", "UNKNOWN"]}, "margins": {"MOD_PKV": -19.133, "NOMEM": -17.477}}
T450 {"case": "t450-tune-15:XA", "target": "UNKNOWN", "cells": {"CONTEXT/R0": ["correct", "UNKNOWN"], "MOD_PKV/R0": ["false_place_Q", "indigo atrium"], "NOMEM/R0": ["correct", "UNKNOWN"]}, "margins": {"MOD_PKV": -19.531, "NOMEM": -17.477}}
T450 {"case": "t450-tune-15:AXW", "target": "UNKNOWN", "cells": {"CONTEXT/R0": ["correct", "UNKNOWN"], "MOD_PKV/R0": ["false_place_Q", "indigo atrium"], "NOMEM/R0": ["correct", "UNKNOWN"]}, "margins": {"MOD_PKV": -0.25, "NOMEM": -17.273}}
T450 {"case": "t450-tune-15:WXA", "target": "UNKNOWN", "cells": {"CONTEXT/R0": ["false_place_Q", "indigo atrium"], "MOD_PKV/R0": ["false_place_Q", "indigo atrium"], "NOMEM/R0": ["correct", "UNKNOWN"]}, "margins": {"MOD_PKV": -3.188, "NOMEM": -17.273}}
T450 {"case": "t450-tune-16:AB", "target": "umber forge", "cells": {"CONTEXT/R0": ["correct", "umber forge"], "MOD_PKV/R0": ["correct", "umber forge"], "NOMEM/R0": ["false_unknown", "UNKNOWN"]}, "margins": {"MOD_PKV": 3.75, "NOMEM": -5.312}}
T450 {"case": "t450-tune-16:BA", "target": "umber forge", "cells": {"CONTEXT/R0": ["correct", "umber forge"], "MOD_PKV/R0": ["correct", "umber forge"], "NOMEM/R0": ["false_unknown", "UNKNOWN"]}, "margins": {"MOD_PKV": 2.75, "NOMEM": -5.312}}
T450 {"case": "t450-tune-16:AXB", "target": "umber forge", "cells": {"CONTEXT/R0": ["false_unknown", "UNKNOWN"], "MOD_PKV/R0": ["correct", "umber forge"], "NOMEM/R0": ["false_unknown", "UNKNOWN"]}, "margins": {"MOD_PKV": 5.25, "NOMEM": -5.562}}
T450 {"case": "t450-tune-16:BXA", "target": "umber forge", "cells": {"CONTEXT/R0": ["correct", "umber forge"], "MOD_PKV/R0": ["other_wrong", "walnut forge"], "NOMEM/R0": ["false_unknown", "UNKNOWN"]}, "margins": {"MOD_PKV": 2.25, "NOMEM": -5.562}}
T450 {"case": "t450-tune-16:AX", "target": "UNKNOWN", "cells": {"CONTEXT/R0": ["correct", "UNKNOWN"], "MOD_PKV/R0": ["false_place_Q", "walnut cloister"], "NOMEM/R0": ["correct", "UNKNOWN"]}, "margins": {"MOD_PKV": -9.438, "NOMEM": -5.375}}
T450 {"case": "t450-tune-16:XA", "target": "UNKNOWN", "cells": {"CONTEXT/R0": ["false_place_Q", "walnut cloister"], "MOD_PKV/R0": ["false_place_Q", "walnut cloister"], "NOMEM/R0": ["correct", "UNKNOWN"]}, "margins": {"MOD_PKV": -9.875, "NOMEM": -5.375}}
T450 {"case": "t450-tune-16:AXW", "target": "UNKNOWN", "cells": {"CONTEXT/R0": ["correct", "UNKNOWN"], "MOD_PKV/R0": ["other_wrong", "walnut forge"], "NOMEM/R0": ["correct", "UNKNOWN"]}, "margins": {"MOD_PKV": 3.5, "NOMEM": -5.562}}
T450 {"case": "t450-tune-16:WXA", "target": "UNKNOWN", "cells": {"CONTEXT/R0": ["correct", "UNKNOWN"], "MOD_PKV/R0": ["other_wrong", "walnut forge"], "NOMEM/R0": ["correct", "UNKNOWN"]}, "margins": {"MOD_PKV": 1.75, "NOMEM": -5.562}}
T450 {"case": "t450-tune-17:AB", "target": "saffron pier", "cells": {"CONTEXT/R0": ["correct", "saffron pier"], "MOD_PKV/R0": ["correct", "saffron pier"], "NOMEM/R0": ["false_unknown", "UNKNOWN"]}, "margins": {"MOD_PKV": 5.0, "NOMEM": -12.328}}
T450 {"case": "t450-tune-17:BA", "target": "saffron pier", "cells": {"CONTEXT/R0": ["correct", "saffron pier"], "MOD_PKV/R0": ["correct", "saffron pier"], "NOMEM/R0": ["false_unknown", "UNKNOWN"]}, "margins": {"MOD_PKV": 5.25, "NOMEM": -12.328}}
T450 {"case": "t450-tune-17:AXB", "target": "saffron pier", "cells": {"CONTEXT/R0": ["correct", "saffron pier"], "MOD_PKV/R0": ["correct", "saffron pier"], "NOMEM/R0": ["false_unknown", "UNKNOWN"]}, "margins": {"MOD_PKV": 6.5, "NOMEM": -13.133}}
T450 {"case": "t450-tune-17:BXA", "target": "saffron pier", "cells": {"CONTEXT/R0": ["correct", "saffron pier"], "MOD_PKV/R0": ["correct", "saffron pier"], "NOMEM/R0": ["false_unknown", "UNKNOWN"]}, "margins": {"MOD_PKV": 6.0, "NOMEM": -13.133}}
T450 {"case": "t450-tune-17:AX", "target": "UNKNOWN", "cells": {"CONTEXT/R0": ["false_place_Q", "olive barracks"], "MOD_PKV/R0": ["false_place_Q", "olive barracks"], "NOMEM/R0": ["correct", "UNKNOWN"]}, "margins": {"MOD_PKV": -17.68, "NOMEM": -12.281}}
T450 {"case": "t450-tune-17:XA", "target": "UNKNOWN", "cells": {"CONTEXT/R0": ["false_place_Q", "olive barracks"], "MOD_PKV/R0": ["false_place_Q", "olive barracks"], "NOMEM/R0": ["correct", "UNKNOWN"]}, "margins": {"MOD_PKV": -17.838, "NOMEM": -12.281}}
T450 {"case": "t450-tune-17:AXW", "target": "UNKNOWN", "cells": {"CONTEXT/R0": ["false_place_Q", "olive barracks"], "MOD_PKV/R0": ["false_place_P", "saffron pier"], "NOMEM/R0": ["correct", "UNKNOWN"]}, "margins": {"MOD_PKV": 7.375, "NOMEM": -13.133}}
T450 {"case": "t450-tune-17:WXA", "target": "UNKNOWN", "cells": {"CONTEXT/R0": ["false_place_Q", "olive barracks"], "MOD_PKV/R0": ["false_place_P", "saffron pier"], "NOMEM/R0": ["correct", "UNKNOWN"]}, "margins": {"MOD_PKV": 6.5, "NOMEM": -13.133}}
T450 {"case": "t450-tune-18:AB", "target": "pewter foundry", "cells": {"CONTEXT/R0": ["false_unknown", "UNKNOWN"], "MOD_PKV/R0": ["false_unknown", "UNKNOWN"], "NOMEM/R0": ["false_unknown", "UNKNOWN"]}, "margins": {"MOD_PKV": -3.312, "NOMEM": -15.363}}
T450 {"case": "t450-tune-18:BA", "target": "pewter foundry", "cells": {"CONTEXT/R0": ["false_unknown", "UNKNOWN"], "MOD_PKV/R0": ["false_unknown", "UNKNOWN"], "NOMEM/R0": ["false_unknown", "UNKNOWN"]}, "margins": {"MOD_PKV": -1.875, "NOMEM": -15.363}}
T450 {"case": "t450-tune-18:AXB", "target": "pewter foundry", "cells": {"CONTEXT/R0": ["false_unknown", "UNKNOWN"], "MOD_PKV/R0": ["decoy_place_Q", "teal cloister"], "NOMEM/R0": ["false_unknown", "UNKNOWN"]}, "margins": {"MOD_PKV": -3.75, "NOMEM": -15.766}}
T450 {"case": "t450-tune-18:BXA", "target": "pewter foundry", "cells": {"CONTEXT/R0": ["false_unknown", "UNKNOWN"], "MOD_PKV/R0": ["false_unknown", "UNKNOWN"], "NOMEM/R0": ["false_unknown", "UNKNOWN"]}, "margins": {"MOD_PKV": -5.188, "NOMEM": -15.766}}
T450 {"case": "t450-tune-18:AX", "target": "UNKNOWN", "cells": {"CONTEXT/R0": ["correct", "UNKNOWN"], "MOD_PKV/R0": ["correct", "UNKNOWN"], "NOMEM/R0": ["correct", "UNKNOWN"]}, "margins": {"MOD_PKV": -19.062, "NOMEM": -15.438}}
T450 {"case": "t450-tune-18:XA", "target": "UNKNOWN", "cells": {"CONTEXT/R0": ["correct", "UNKNOWN"], "MOD_PKV/R0": ["correct", "UNKNOWN"], "NOMEM/R0": ["correct", "UNKNOWN"]}, "margins": {"MOD_PKV": -17.922, "NOMEM": -15.438}}
T450 {"case": "t450-tune-18:AXW", "target": "UNKNOWN", "cells": {"CONTEXT/R0": ["correct", "UNKNOWN"], "MOD_PKV/R0": ["false_place_Q", "teal cloister"], "NOMEM/R0": ["correct", "UNKNOWN"]}, "margins": {"MOD_PKV": -5.188, "NOMEM": -15.766}}
T450 {"case": "t450-tune-18:WXA", "target": "UNKNOWN", "cells": {"CONTEXT/R0": ["correct", "UNKNOWN"], "MOD_PKV/R0": ["correct", "UNKNOWN"], "NOMEM/R0": ["correct", "UNKNOWN"]}, "margins": {"MOD_PKV": -6.312, "NOMEM": -15.766}}
T450 {"case": "t450-tune-19:AB", "target": "umber cloister", "cells": {"CONTEXT/R0": ["false_unknown", "UNKNOWN"], "MOD_PKV/R0": ["false_unknown", "UNKNOWN"], "NOMEM/R0": ["false_unknown", "UNKNOWN"]}, "margins": {"MOD_PKV": -0.5, "NOMEM": -6.0}}
T450 {"case": "t450-tune-19:BA", "target": "umber cloister", "cells": {"CONTEXT/R0": ["correct", "umber cloister"], "MOD_PKV/R0": ["correct", "umber cloister"], "NOMEM/R0": ["false_unknown", "UNKNOWN"]}, "margins": {"MOD_PKV": 1.25, "NOMEM": -6.0}}
T450 {"case": "t450-tune-19:AXB", "target": "umber cloister", "cells": {"CONTEXT/R0": ["false_unknown", "UNKNOWN"], "MOD_PKV/R0": ["false_unknown", "UNKNOWN"], "NOMEM/R0": ["false_unknown", "UNKNOWN"]}, "margins": {"MOD_PKV": -6.75, "NOMEM": -6.125}}
T450 {"case": "t450-tune-19:BXA", "target": "umber cloister", "cells": {"CONTEXT/R0": ["correct", "umber cloister"], "MOD_PKV/R0": ["false_unknown", "UNKNOWN"], "NOMEM/R0": ["false_unknown", "UNKNOWN"]}, "margins": {"MOD_PKV": -7.812, "NOMEM": -6.125}}
T450 {"case": "t450-tune-19:AX", "target": "UNKNOWN", "cells": {"CONTEXT/R0": ["correct", "UNKNOWN"], "MOD_PKV/R0": ["false_place_Q", "juniper foundry"], "NOMEM/R0": ["correct", "UNKNOWN"]}, "margins": {"MOD_PKV": -9.375, "NOMEM": -6.0}}
T450 {"case": "t450-tune-19:XA", "target": "UNKNOWN", "cells": {"CONTEXT/R0": ["correct", "UNKNOWN"], "MOD_PKV/R0": ["false_place_Q", "juniper foundry"], "NOMEM/R0": ["correct", "UNKNOWN"]}, "margins": {"MOD_PKV": -9.938, "NOMEM": -6.0}}
T450 {"case": "t450-tune-19:AXW", "target": "UNKNOWN", "cells": {"CONTEXT/R0": ["correct", "UNKNOWN"], "MOD_PKV/R0": ["correct", "UNKNOWN"], "NOMEM/R0": ["correct", "UNKNOWN"]}, "margins": {"MOD_PKV": -4.062, "NOMEM": -6.188}}
T450 {"case": "t450-tune-19:WXA", "target": "UNKNOWN", "cells": {"CONTEXT/R0": ["correct", "UNKNOWN"], "MOD_PKV/R0": ["correct", "UNKNOWN"], "NOMEM/R0": ["correct", "UNKNOWN"]}, "margins": {"MOD_PKV": -4.438, "NOMEM": -6.188}}
T450 {"case": "t450-tune-20:AB", "target": "umber stable", "cells": {"CONTEXT/R0": ["false_unknown", "UNKNOWN"], "MOD_PKV/R0": ["false_unknown", "UNKNOWN"], "NOMEM/R0": ["false_unknown", "UNKNOWN"]}, "margins": {"MOD_PKV": -10.812, "NOMEM": -5.812}}
T450 {"case": "t450-tune-20:BA", "target": "umber stable", "cells": {"CONTEXT/R0": ["false_unknown", "UNKNOWN"], "MOD_PKV/R0": ["false_unknown", "UNKNOWN"], "NOMEM/R0": ["false_unknown", "UNKNOWN"]}, "margins": {"MOD_PKV": -11.438, "NOMEM": -5.812}}
T450 {"case": "t450-tune-20:AXB", "target": "umber stable", "cells": {"CONTEXT/R0": ["correct", "umber stable"], "MOD_PKV/R0": ["decoy_place_Q", "juniper boathouse Container WG-675 is in the"], "NOMEM/R0": ["false_unknown", "UNKNOWN"]}, "margins": {"MOD_PKV": -6.812, "NOMEM": -5.875}}
T450 {"case": "t450-tune-20:BXA", "target": "umber stable", "cells": {"CONTEXT/R0": ["false_unknown", "UNKNOWN"], "MOD_PKV/R0": ["false_unknown", "UNKNOWN"], "NOMEM/R0": ["false_unknown", "UNKNOWN"]}, "margins": {"MOD_PKV": -8.25, "NOMEM": -5.875}}
T450 {"case": "t450-tune-20:AX", "target": "UNKNOWN", "cells": {"CONTEXT/R0": ["correct", "UNKNOWN"], "MOD_PKV/R0": ["false_place_Q", "juniper boathouse"], "NOMEM/R0": ["correct", "UNKNOWN"]}, "margins": {"MOD_PKV": -8.062, "NOMEM": -5.75}}
T450 {"case": "t450-tune-20:XA", "target": "UNKNOWN", "cells": {"CONTEXT/R0": ["correct", "UNKNOWN"], "MOD_PKV/R0": ["correct", "UNKNOWN"], "NOMEM/R0": ["correct", "UNKNOWN"]}, "margins": {"MOD_PKV": -8.938, "NOMEM": -5.75}}
T450 {"case": "t450-tune-20:AXW", "target": "UNKNOWN", "cells": {"CONTEXT/R0": ["correct", "UNKNOWN"], "MOD_PKV/R0": ["correct", "UNKNOWN"], "NOMEM/R0": ["correct", "UNKNOWN"]}, "margins": {"MOD_PKV": -6.562, "NOMEM": -5.875}}
T450 {"case": "t450-tune-20:WXA", "target": "UNKNOWN", "cells": {"CONTEXT/R0": ["correct", "UNKNOWN"], "MOD_PKV/R0": ["correct", "UNKNOWN"], "NOMEM/R0": ["correct", "UNKNOWN"]}, "margins": {"MOD_PKV": -8.438, "NOMEM": -5.875}}
T450 {"case": "t450-test-21:AB", "target": "crimson barracks", "cells": {"CONTEXT/R0": ["correct", "crimson barracks"], "MOD_PKV/R0": ["correct", "crimson barracks"], "MOD_PKV/HOP": ["correct", "crimson barracks", "ZJ-611"], "MOD_NATIVE/R0": ["correct", "crimson barracks"], "MOD_NATIVE/HOP": ["correct", "crimson barracks", "ZJ-611"], "NOMEM/R0": ["false_unknown", "UNKNOWN"], "NOMEM/HOP": ["false_unknown", "UNKNOWN", null], "MOD_PKV/ID_ORACLE": ["correct", "crimson barracks", "crimson barracks"], "MOD_PKV/ID_DECOY": ["correct", "UNKNOWN", "UNKNOWN"], "MOD_PKV/ID_FAKE": ["correct", "UNKNOWN", "UNKNOWN"]}, "margins": {"MOD_PKV": 7.0, "NOMEM": -16.725}}
T450 {"case": "t450-test-21:BA", "target": "crimson barracks", "cells": {"CONTEXT/R0": ["container_id", "container ZJ-611"], "MOD_PKV/R0": ["correct", "crimson barracks."], "MOD_PKV/HOP": ["correct", "crimson barracks", "ZJ-611"], "MOD_NATIVE/R0": ["correct", "crimson barracks."], "MOD_NATIVE/HOP": ["correct", "crimson barracks", "ZJ-611"], "NOMEM/R0": ["false_unknown", "UNKNOWN"], "NOMEM/HOP": ["false_unknown", "UNKNOWN", null], "MOD_PKV/ID_ORACLE": ["correct", "crimson barracks", "crimson barracks"], "MOD_PKV/ID_DECOY": ["correct", "UNKNOWN", "UNKNOWN"], "MOD_PKV/ID_FAKE": ["correct", "UNKNOWN", "UNKNOWN"]}, "margins": {"MOD_PKV": 6.25, "NOMEM": -16.725}}
T450 {"case": "t450-test-21:AXB", "target": "crimson barracks", "cells": {"CONTEXT/R0": ["correct", "crimson barracks"], "MOD_PKV/R0": ["correct", "the crimson barracks."], "MOD_PKV/HOP": ["correct", "crimson barracks", "ZJ-611"], "MOD_NATIVE/R0": ["correct", "the crimson barracks."], "MOD_NATIVE/HOP": ["correct", "crimson barracks", "ZJ-611"], "NOMEM/R0": ["false_unknown", "UNKNOWN"], "NOMEM/HOP": ["false_unknown", "UNKNOWN", null], "MOD_PKV/ID_ORACLE": ["correct", "crimson barracks", "crimson barracks"], "MOD_PKV/ID_DECOY": ["wrong", "crimson barracks", "olive atrium"], "MOD_PKV/ID_FAKE": ["correct", "UNKNOWN", "UNKNOWN"]}, "margins": {"MOD_PKV": 5.562, "NOMEM": -16.961}}
T450 {"case": "t450-test-21:BXA", "target": "crimson barracks", "cells": {"CONTEXT/R0": ["correct", "crimson barracks"], "MOD_PKV/R0": ["correct", "the crimson barracks."], "MOD_PKV/HOP": ["correct", "crimson barracks", "ZJ-611"], "MOD_NATIVE/R0": ["correct", "the crimson barracks."], "MOD_NATIVE/HOP": ["correct", "crimson barracks", "ZJ-611"], "NOMEM/R0": ["false_unknown", "UNKNOWN"], "NOMEM/HOP": ["false_unknown", "UNKNOWN", null], "MOD_PKV/ID_ORACLE": ["correct", "crimson barracks", "crimson barracks"], "MOD_PKV/ID_DECOY": ["wrong", "crimson barracks", "olive atrium"], "MOD_PKV/ID_FAKE": ["correct", "UNKNOWN", "UNKNOWN"]}, "margins": {"MOD_PKV": 3.375, "NOMEM": -16.961}}
T450 {"case": "t450-test-21:AX", "target": "UNKNOWN", "cells": {"CONTEXT/R0": ["container_id", "ZJ-611"], "MOD_PKV/R0": ["false_place_Q", "olive atrium."], "MOD_PKV/HOP": ["false_place_Q", "olive atrium", "ZJ-611"], "MOD_NATIVE/R0": ["false_place_Q", "olive atrium."], "MOD_NATIVE/HOP": ["false_place_Q", "olive atrium", "ZJ-611"], "NOMEM/R0": ["correct", "UNKNOWN"], "NOMEM/HOP": ["correct", "UNKNOWN", null], "MOD_PKV/ID_ORACLE": ["wrong", "olive atrium", "UNKNOWN"], "MOD_PKV/ID_DECOY": ["correct", "olive atrium", "olive atrium"], "MOD_PKV/ID_FAKE": ["correct", "UNKNOWN", "UNKNOWN"]}, "margins": {"MOD_PKV": -17.031, "NOMEM": -16.725}}
T450 {"case": "t450-test-21:XA", "target": "UNKNOWN", "cells": {"CONTEXT/R0": ["correct", "UNKNOWN"], "MOD_PKV/R0": ["false_place_Q", "the olive atrium."], "MOD_PKV/HOP": ["false_place_Q", "olive atrium", "ZJ-611"], "MOD_NATIVE/R0": ["false_place_Q", "olive atrium."], "MOD_NATIVE/HOP": ["false_place_Q", "olive atrium", "ZJ-611"], "NOMEM/R0": ["correct", "UNKNOWN"], "NOMEM/HOP": ["correct", "UNKNOWN", null], "MOD_PKV/ID_ORACLE": ["wrong", "olive atrium", "UNKNOWN"], "MOD_PKV/ID_DECOY": ["correct", "olive atrium", "olive atrium"], "MOD_PKV/ID_FAKE": ["correct", "UNKNOWN", "UNKNOWN"]}, "margins": {"MOD_PKV": -17.656, "NOMEM": -16.725}}
T450 {"case": "t450-test-21:AXW", "target": "UNKNOWN", "cells": {"CONTEXT/R0": ["correct", "UNKNOWN"], "MOD_PKV/R0": ["false_place_P", "the crimson barracks."], "MOD_PKV/HOP": ["false_place_P", "crimson barracks", "ZJ-611"], "MOD_NATIVE/R0": ["false_place_P", "the crimson barracks."], "MOD_NATIVE/HOP": ["false_place_P", "crimson barracks", "ZJ-611"], "NOMEM/R0": ["correct", "UNKNOWN"], "NOMEM/HOP": ["correct", "UNKNOWN", null], "MOD_PKV/ID_ORACLE": ["wrong", "crimson barracks", "UNKNOWN"], "MOD_PKV/ID_DECOY": ["wrong", "crimson barracks", "olive atrium"], "MOD_PKV/ID_FAKE": ["correct", "UNKNOWN", "UNKNOWN"]}, "margins": {"MOD_PKV": 5.875, "NOMEM": -17.127}}
T450 {"case": "t450-test-21:WXA", "target": "UNKNOWN", "cells": {"CONTEXT/R0": ["container_id", "Container ZJ-611"], "MOD_PKV/R0": ["false_place_P", "the crimson barracks."], "MOD_PKV/HOP": ["false_place_P", "crimson barracks", "ZJ-611"], "MOD_NATIVE/R0": ["false_place_P", "the crimson barracks."], "MOD_NATIVE/HOP": ["false_place_P", "crimson barracks", "ZJ-611"], "NOMEM/R0": ["correct", "UNKNOWN"], "NOMEM/HOP": ["correct", "UNKNOWN", null], "MOD_PKV/ID_ORACLE": ["wrong", "crimson barracks", "UNKNOWN"], "MOD_PKV/ID_DECOY": ["wrong", "crimson barracks", "olive atrium"], "MOD_PKV/ID_FAKE": ["correct", "UNKNOWN", "UNKNOWN"]}, "margins": {"MOD_PKV": 4.25, "NOMEM": -17.127}}
T450 {"case": "t450-test-22:AB", "target": "umber pier", "cells": {"CONTEXT/R0": ["correct", "the umber pier"], "MOD_PKV/R0": ["other_wrong", "umber pier UNKNOWN umber pier"], "MOD_PKV/HOP": ["correct", "umber pier", "DG-563"], "MOD_NATIVE/R0": ["other_wrong", "umber pier UNKNOWN umber pier"], "MOD_NATIVE/HOP": ["correct", "umber pier", "DG-563"], "NOMEM/R0": ["false_unknown", "UNKNOWN"], "NOMEM/HOP": ["false_unknown", "UNKNOWN", null], "MOD_PKV/ID_ORACLE": ["correct", "umber pier", "umber pier"], "MOD_PKV/ID_DECOY": ["correct", "UNKNOWN", "UNKNOWN"], "MOD_PKV/ID_FAKE": ["correct", "UNKNOWN", "UNKNOWN"]}, "margins": {"MOD_PKV": 4.25, "NOMEM": -5.188}}
T450 {"case": "t450-test-22:BA", "target": "umber pier", "cells": {"CONTEXT/R0": ["container_id", "container DG-563"], "MOD_PKV/R0": ["correct", "umber pier"], "MOD_PKV/HOP": ["correct", "umber pier", "DG-563"], "MOD_NATIVE/R0": ["other_wrong", "umber pier UNKNOWN umber pier"], "MOD_NATIVE/HOP": ["correct", "umber pier", "DG-563"], "NOMEM/R0": ["false_unknown", "UNKNOWN"], "NOMEM/HOP": ["false_unknown", "UNKNOWN", null], "MOD_PKV/ID_ORACLE": ["correct", "umber pier", "umber pier"], "MOD_PKV/ID_DECOY": ["correct", "UNKNOWN", "UNKNOWN"], "MOD_PKV/ID_FAKE": ["correct", "UNKNOWN", "UNKNOWN"]}, "margins": {"MOD_PKV": 2.688, "NOMEM": -5.188}}
T450 {"case": "t450-test-22:AXB", "target": "umber pier", "cells": {"CONTEXT/R0": ["decoy_place_Q", "lilac rotunda"], "MOD_PKV/R0": ["decoy_place_Q", "lilac rotunda."], "MOD_PKV/HOP": ["decoy_place_Q", "lilac rotunda", "DG-563"], "MOD_NATIVE/R0": ["decoy_place_Q", "lilac rotunda."], "MOD_NATIVE/HOP": ["decoy_place_Q", "lilac rotunda", "DG-563"], "NOMEM/R0": ["false_unknown", "UNKNOWN"], "NOMEM/HOP": ["false_unknown", "UNKNOWN", null], "MOD_PKV/ID_ORACLE": ["wrong", "lilac rotunda", "umber pier"], "MOD_PKV/ID_DECOY": ["correct", "lilac rotunda", "lilac rotunda"], "MOD_PKV/ID_FAKE": ["correct", "UNKNOWN", "UNKNOWN"]}, "margins": {"MOD_PKV": -5.625, "NOMEM": -5.062}}
T450 {"case": "t450-test-22:BXA", "target": "umber pier", "cells": {"CONTEXT/R0": ["container_id", "Container DG-563"], "MOD_PKV/R0": ["decoy_place_Q", "lilac rotunda."], "MOD_PKV/HOP": ["decoy_place_Q", "lilac rotunda", "DG-563"], "MOD_NATIVE/R0": ["decoy_place_Q", "lilac rotunda."], "MOD_NATIVE/HOP": ["decoy_place_Q", "lilac rotunda", "DG-563"], "NOMEM/R0": ["false_unknown", "UNKNOWN"], "NOMEM/HOP": ["false_unknown", "UNKNOWN", null], "MOD_PKV/ID_ORACLE": ["wrong", "lilac rotunda", "umber pier"], "MOD_PKV/ID_DECOY": ["correct", "lilac rotunda", "lilac rotunda"], "MOD_PKV/ID_FAKE": ["correct", "UNKNOWN", "UNKNOWN"]}, "margins": {"MOD_PKV": -7.25, "NOMEM": -5.062}}
T450 {"case": "t450-test-22:AX", "target": "UNKNOWN", "cells": {"CONTEXT/R0": ["container_id", "DG-563"], "MOD_PKV/R0": ["false_place_Q", "lilac rotunda."], "MOD_PKV/HOP": ["false_place_Q", "lilac rotunda", "DG-563"], "MOD_NATIVE/R0": ["false_place_Q", "lilac rotunda."], "MOD_NATIVE/HOP": ["false_place_Q", "lilac rotunda", "DG-563"], "NOMEM/R0": ["correct", "UNKNOWN"], "NOMEM/HOP": ["correct", "UNKNOWN", null], "MOD_PKV/ID_ORACLE": ["wrong", "lilac rotunda", "UNKNOWN"], "MOD_PKV/ID_DECOY": ["correct", "lilac rotunda", "lilac rotunda"], "MOD_PKV/ID_FAKE": ["correct", "UNKNOWN", "UNKNOWN"]}, "margins": {"MOD_PKV": -6.5, "NOMEM": -4.938}}
T450 {"case": "t450-test-22:XA", "target": "UNKNOWN", "cells": {"CONTEXT/R0": ["container_id", "DG-563"], "MOD_PKV/R0": ["false_place_Q", "lilac rotunda."], "MOD_PKV/HOP": ["false_place_Q", "lilac rotunda", "DG-563"], "MOD_NATIVE/R0": ["false_place_Q", "lilac rotunda."], "MOD_NATIVE/HOP": ["false_place_Q", "lilac rotunda", "DG-563"], "NOMEM/R0": ["correct", "UNKNOWN"], "NOMEM/HOP": ["correct", "UNKNOWN", null], "MOD_PKV/ID_ORACLE": ["wrong", "lilac rotunda", "UNKNOWN"], "MOD_PKV/ID_DECOY": ["correct", "lilac rotunda", "lilac rotunda"], "MOD_PKV/ID_FAKE": ["correct", "UNKNOWN", "UNKNOWN"]}, "margins": {"MOD_PKV": -7.75, "NOMEM": -4.938}}
T450 {"case": "t450-test-22:AXW", "target": "UNKNOWN", "cells": {"CONTEXT/R0": ["correct", "UNKNOWN"], "MOD_PKV/R0": ["false_place_Q", "lilac rotunda."], "MOD_PKV/HOP": ["false_place_Q", "lilac rotunda", "DG-563"], "MOD_NATIVE/R0": ["false_place_Q", "lilac rotunda."], "MOD_NATIVE/HOP": ["false_place_Q", "lilac rotunda", "DG-563"], "NOMEM/R0": ["correct", "UNKNOWN"], "NOMEM/HOP": ["correct", "UNKNOWN", null], "MOD_PKV/ID_ORACLE": ["wrong", "lilac rotunda", "UNKNOWN"], "MOD_PKV/ID_DECOY": ["correct", "lilac rotunda", "lilac rotunda"], "MOD_PKV/ID_FAKE": ["correct", "UNKNOWN", "UNKNOWN"]}, "margins": {"MOD_PKV": -4.312, "NOMEM": -5.062}}
T450 {"case": "t450-test-22:WXA", "target": "UNKNOWN", "cells": {"CONTEXT/R0": ["container_id", "Container DG-563"], "MOD_PKV/R0": ["false_place_Q", "lilac rotunda."], "MOD_PKV/HOP": ["correct", "UNKNOWN", "DG-553"], "MOD_NATIVE/R0": ["false_place_Q", "lilac rotunda."], "MOD_NATIVE/HOP": ["correct", "UNKNOWN", "DG-553"], "NOMEM/R0": ["correct", "UNKNOWN"], "NOMEM/HOP": ["correct", "UNKNOWN", null], "MOD_PKV/ID_ORACLE": ["wrong", "lilac rotunda", "UNKNOWN"], "MOD_PKV/ID_DECOY": ["correct", "lilac rotunda", "lilac rotunda"], "MOD_PKV/ID_FAKE": ["correct", "UNKNOWN", "UNKNOWN"]}, "margins": {"MOD_PKV": -7.312, "NOMEM": -5.062}}
T450 {"case": "t450-test-23:AB", "target": "pewter workshop", "cells": {"CONTEXT/R0": ["correct", "pewter workshop"], "MOD_PKV/R0": ["container_id", "Container DB-935. The etched locket is in Co"], "MOD_PKV/HOP": ["correct", "pewter workshop", "DB-935"], "MOD_NATIVE/R0": ["container_id", "Container DB-935"], "MOD_NATIVE/HOP": ["correct", "pewter workshop", "DB-935"], "NOMEM/R0": ["false_unknown", "UNKNOWN"], "NOMEM/HOP": ["false_unknown", "UNKNOWN", null], "MOD_PKV/ID_ORACLE": ["correct", "pewter workshop", "pewter workshop"], "MOD_PKV/ID_DECOY": ["correct", "UNKNOWN", "UNKNOWN"], "MOD_PKV/ID_FAKE": ["correct", "UNKNOWN", "UNKNOWN"]}, "margins": {"MOD_PKV": 3.5, "NOMEM": -16.004}}
T450 {"case": "t450-test-23:BA", "target": "pewter workshop", "cells": {"CONTEXT/R0": ["correct", "pewter workshop"], "MOD_PKV/R0": ["container_id", "Container DB-935."], "MOD_PKV/HOP": ["correct", "pewter workshop", "DB-935"], "MOD_NATIVE/R0": ["container_id", "Container DB-935. The etched locket is in Co"], "MOD_NATIVE/HOP": ["correct", "pewter workshop", "DB-935"], "NOMEM/R0": ["false_unknown", "UNKNOWN"], "NOMEM/HOP": ["false_unknown", "UNKNOWN", null], "MOD_PKV/ID_ORACLE": ["correct", "pewter workshop", "pewter workshop"], "MOD_PKV/ID_DECOY": ["correct", "UNKNOWN", "UNKNOWN"], "MOD_PKV/ID_FAKE": ["correct", "UNKNOWN", "UNKNOWN"]}, "margins": {"MOD_PKV": -0.125, "NOMEM": -16.004}}
T450 {"case": "t450-test-23:AXB", "target": "pewter workshop", "cells": {"CONTEXT/R0": ["correct", "The pewter workshop. To determine the locati"], "MOD_PKV/R0": ["container_id", "Container DB-935"], "MOD_PKV/HOP": ["correct", "pewter workshop. The etched locket, which is", "DB-935"], "MOD_NATIVE/R0": ["container_id", "Container DB-935"], "MOD_NATIVE/HOP": ["correct", "pewter workshop. The etched locket, which is", "DB-935"], "NOMEM/R0": ["false_unknown", "UNKNOWN"], "NOMEM/HOP": ["false_unknown", "UNKNOWN", null], "MOD_PKV/ID_ORACLE": ["correct", "pewter workshop. The etched locket, which is", "pewter workshop"], "MOD_PKV/ID_DECOY": ["wrong", "pewter workshop. The etched locket sits in c", "sienna forge"], "MOD_PKV/ID_FAKE": ["correct", "UNKNOWN", "UNKNOWN"]}, "margins": {"MOD_PKV": -3.188, "NOMEM": -15.713}}
T450 {"case": "t450-test-23:BXA", "target": "pewter workshop", "cells": {"CONTEXT/R0": ["correct", "pewter workshop"], "MOD_PKV/R0": ["container_id", "Container DB-935."], "MOD_PKV/HOP": ["review", "sienna forge. workshop The etched locket is ", "DB-935"], "MOD_NATIVE/R0": ["container_id", "Container DB-935."], "MOD_NATIVE/HOP": ["review", "sienna forge. workshop The etched locket is ", "DB-935"], "NOMEM/R0": ["false_unknown", "UNKNOWN"], "NOMEM/HOP": ["false_unknown", "UNKNOWN", null], "MOD_PKV/ID_ORACLE": ["review", "sienna forge. workshop The etched locket is ", "pewter workshop"], "MOD_PKV/ID_DECOY": ["wrong", "pewter workshop. The etched locket sits in c", "sienna forge"], "MOD_PKV/ID_FAKE": ["correct", "UNKNOWN", "UNKNOWN"]}, "margins": {"MOD_PKV": -10.438, "NOMEM": -15.713}}
T450 {"case": "t450-test-23:AX", "target": "UNKNOWN", "cells": {"CONTEXT/R0": ["correct", "UNKNOWN"], "MOD_PKV/R0": ["correct", "UNKNOWN"], "MOD_PKV/HOP": ["false_place_Q", "sienna forge", "DB-935"], "MOD_NATIVE/R0": ["correct", "UNKNOWN"], "MOD_NATIVE/HOP": ["false_place_Q", "sienna forge", "DB-935"], "NOMEM/R0": ["correct", "UNKNOWN"], "NOMEM/HOP": ["correct", "UNKNOWN", null], "MOD_PKV/ID_ORACLE": ["wrong", "sienna forge", "UNKNOWN"], "MOD_PKV/ID_DECOY": ["correct", "sienna forge", "sienna forge"], "MOD_PKV/ID_FAKE": ["correct", "UNKNOWN", "UNKNOWN"]}, "margins": {"MOD_PKV": -21.309, "NOMEM": -16.004}}
T450 {"case": "t450-test-23:XA", "target": "UNKNOWN", "cells": {"CONTEXT/R0": ["correct", "UNKNOWN"], "MOD_PKV/R0": ["correct", "UNKNOWN"], "MOD_PKV/HOP": ["false_place_Q", "sienna forge", "DB-935"], "MOD_NATIVE/R0": ["correct", "UNKNOWN"], "MOD_NATIVE/HOP": ["false_place_Q", "sienna forge", "DB-935"], "NOMEM/R0": ["correct", "UNKNOWN"], "NOMEM/HOP": ["correct", "UNKNOWN", null], "MOD_PKV/ID_ORACLE": ["wrong", "sienna forge", "UNKNOWN"], "MOD_PKV/ID_DECOY": ["correct", "sienna forge", "sienna forge"], "MOD_PKV/ID_FAKE": ["correct", "UNKNOWN", "UNKNOWN"]}, "margins": {"MOD_PKV": -21.82, "NOMEM": -16.004}}
T450 {"case": "t450-test-23:AXW", "target": "UNKNOWN", "cells": {"CONTEXT/R0": ["correct", "UNKNOWN"], "MOD_PKV/R0": ["container_id", "Container DB-935"], "MOD_PKV/HOP": ["false_place_P", "pewter workshop", "DB-935"], "MOD_NATIVE/R0": ["container_id", "Container DB-935"], "MOD_NATIVE/HOP": ["review", "pewter workshop. The etched locket sits in c", "DB-935"], "NOMEM/R0": ["correct", "UNKNOWN"], "NOMEM/HOP": ["correct", "UNKNOWN", null], "MOD_PKV/ID_ORACLE": ["wrong", "pewter workshop", "UNKNOWN"], "MOD_PKV/ID_DECOY": ["wrong", "pewter workshop. The etched locket sits in c", "sienna forge"], "MOD_PKV/ID_FAKE": ["correct", "UNKNOWN", "UNKNOWN"]}, "margins": {"MOD_PKV": -4.625, "NOMEM": -15.771}}
T450 {"case": "t450-test-23:WXA", "target": "UNKNOWN", "cells": {"CONTEXT/R0": ["container_id", "Container DB-935"], "MOD_PKV/R0": ["container_id", "Container DB-935. The etched locket is in Co"], "MOD_PKV/HOP": ["review", "sienna forge. The etched locket sits in cont", "DB-935"], "MOD_NATIVE/R0": ["container_id", "Container DB-935. The etched locket is in Co"], "MOD_NATIVE/HOP": ["review", "sienna forge. The etched locket sits in cont", "DB-935"], "NOMEM/R0": ["correct", "UNKNOWN"], "NOMEM/HOP": ["correct", "UNKNOWN", null], "MOD_PKV/ID_ORACLE": ["review", "sienna forge. The etched locket sits in cont", "UNKNOWN"], "MOD_PKV/ID_DECOY": ["wrong", "pewter workshop. The etched locket sits in c", "sienna forge"], "MOD_PKV/ID_FAKE": ["correct", "UNKNOWN", "UNKNOWN"]}, "margins": {"MOD_PKV": -10.5, "NOMEM": -15.771}}
T450 {"case": "t450-test-24:AB", "target": "crimson pier", "cells": {"CONTEXT/R0": ["correct", "The crimson pier"], "MOD_PKV/R0": ["correct", "crimson pier"], "MOD_PKV/HOP": ["container_id", "crimson pier The dented mirror sits in conta", "GW-839"], "MOD_NATIVE/R0": ["correct", "crimson pier"], "MOD_NATIVE/HOP": ["container_id", "crimson pier The dented mirror sits in conta", "GW-839"], "NOMEM/R0": ["false_unknown", "UNKNOWN"], "NOMEM/HOP": ["false_unknown", "UNKNOWN", null], "MOD_PKV/ID_ORACLE": ["wrong", "crimson pier The dented mirror sits in conta", "crimson pier"], "MOD_PKV/ID_DECOY": ["correct", "UNKNOWN", "UNKNOWN"], "MOD_PKV/ID_FAKE": ["correct", "UNKNOWN", "UNKNOWN"]}, "margins": {"MOD_PKV": 12.812, "NOMEM": -16.898}}
T450 {"case": "t450-test-24:BA", "target": "crimson pier", "cells": {"CONTEXT/R0": ["correct", "crimson pier"], "MOD_PKV/R0": ["correct", "crimson pier"], "MOD_PKV/HOP": ["container_id", "crimson pier The dented mirror sits in conta", "GW-839"], "MOD_NATIVE/R0": ["correct", "crimson pier"], "MOD_NATIVE/HOP": ["container_id", "crimson pier The dented mirror sits in conta", "GW-839"], "NOMEM/R0": ["false_unknown", "UNKNOWN"], "NOMEM/HOP": ["false_unknown", "UNKNOWN", null], "MOD_PKV/ID_ORACLE": ["wrong", "crimson pier The dented mirror sits in conta", "crimson pier"], "MOD_PKV/ID_DECOY": ["correct", "UNKNOWN", "UNKNOWN"], "MOD_PKV/ID_FAKE": ["correct", "UNKNOWN", "UNKNOWN"]}, "margins": {"MOD_PKV": 14.625, "NOMEM": -16.898}}
T450 {"case": "t450-test-24:AXB", "target": "crimson pier", "cells": {"CONTEXT/R0": ["correct", "crimson pier"], "MOD_PKV/R0": ["correct", "The crimson pier."], "MOD_PKV/HOP": ["correct", "crimson pier", "GW-839"], "MOD_NATIVE/R0": ["correct", "The crimson pier."], "MOD_NATIVE/HOP": ["correct", "crimson pier", "GW-839"], "NOMEM/R0": ["false_unknown", "UNKNOWN"], "NOMEM/HOP": ["false_unknown", "UNKNOWN", null], "MOD_PKV/ID_ORACLE": ["correct", "crimson pier", "crimson pier"], "MOD_PKV/ID_DECOY": ["wrong", "crimson pier", "hazel atrium"], "MOD_PKV/ID_FAKE": ["correct", "UNKNOWN", "UNKNOWN"]}, "margins": {"MOD_PKV": 9.125, "NOMEM": -16.598}}
T450 {"case": "t450-test-24:BXA", "target": "crimson pier", "cells": {"CONTEXT/R0": ["decoy_place_Q", "hazel atrium"], "MOD_PKV/R0": ["correct", "crimson pier"], "MOD_PKV/HOP": ["correct", "crimson pier", "GW-839"], "MOD_NATIVE/R0": ["correct", "crimson pier"], "MOD_NATIVE/HOP": ["correct", "crimson pier", "GW-839"], "NOMEM/R0": ["false_unknown", "UNKNOWN"], "NOMEM/HOP": ["false_unknown", "UNKNOWN", null], "MOD_PKV/ID_ORACLE": ["correct", "crimson pier", "crimson pier"], "MOD_PKV/ID_DECOY": ["wrong", "crimson pier", "hazel atrium"], "MOD_PKV/ID_FAKE": ["correct", "UNKNOWN", "UNKNOWN"]}, "margins": {"MOD_PKV": 10.875, "NOMEM": -16.598}}
T450 {"case": "t450-test-24:AX", "target": "UNKNOWN", "cells": {"CONTEXT/R0": ["correct", "UNKNOWN"], "MOD_PKV/R0": ["false_place_Q", "hazel atrium"], "MOD_PKV/HOP": ["false_place_Q", "hazel atrium", "GW-839"], "MOD_NATIVE/R0": ["false_place_Q", "hazel atrium"], "MOD_NATIVE/HOP": ["false_place_Q", "hazel atrium", "GW-839"], "NOMEM/R0": ["correct", "UNKNOWN"], "NOMEM/HOP": ["correct", "UNKNOWN", null], "MOD_PKV/ID_ORACLE": ["wrong", "hazel atrium", "UNKNOWN"], "MOD_PKV/ID_DECOY": ["correct", "hazel atrium", "hazel atrium"], "MOD_PKV/ID_FAKE": ["correct", "UNKNOWN", "UNKNOWN"]}, "margins": {"MOD_PKV": -10.938, "NOMEM": -16.609}}
T450 {"case": "t450-test-24:XA", "target": "UNKNOWN", "cells": {"CONTEXT/R0": ["false_place_Q", "hazel atrium"], "MOD_PKV/R0": ["false_place_Q", "hazel atrium"], "MOD_PKV/HOP": ["false_place_Q", "hazel atrium", "GW-839"], "MOD_NATIVE/R0": ["false_place_Q", "hazel atrium"], "MOD_NATIVE/HOP": ["false_place_Q", "hazel atrium", "GW-839"], "NOMEM/R0": ["correct", "UNKNOWN"], "NOMEM/HOP": ["correct", "UNKNOWN", null], "MOD_PKV/ID_ORACLE": ["wrong", "hazel atrium", "UNKNOWN"], "MOD_PKV/ID_DECOY": ["correct", "hazel atrium", "hazel atrium"], "MOD_PKV/ID_FAKE": ["correct", "UNKNOWN", "UNKNOWN"]}, "margins": {"MOD_PKV": -8.719, "NOMEM": -16.609}}
T450 {"case": "t450-test-24:AXW", "target": "UNKNOWN", "cells": {"CONTEXT/R0": ["correct", "UNKNOWN"], "MOD_PKV/R0": ["false_place_P", "The crimson pier."], "MOD_PKV/HOP": ["false_place_P", "crimson pier", "GW-839"], "MOD_NATIVE/R0": ["false_place_P", "The crimson pier."], "MOD_NATIVE/HOP": ["false_place_P", "crimson pier", "GW-839"], "NOMEM/R0": ["correct", "UNKNOWN"], "NOMEM/HOP": ["correct", "UNKNOWN", null], "MOD_PKV/ID_ORACLE": ["wrong", "crimson pier", "UNKNOWN"], "MOD_PKV/ID_DECOY": ["wrong", "crimson pier", "hazel atrium"], "MOD_PKV/ID_FAKE": ["correct", "UNKNOWN", "UNKNOWN"]}, "margins": {"MOD_PKV": 9.812, "NOMEM": -16.598}}
T450 {"case": "t450-test-24:WXA", "target": "UNKNOWN", "cells": {"CONTEXT/R0": ["false_place_Q", "hazel atrium"], "MOD_PKV/R0": ["false_place_P", "crimson pier"], "MOD_PKV/HOP": ["false_place_P", "crimson pier", "GW-839"], "MOD_NATIVE/R0": ["false_place_P", "crimson pier"], "MOD_NATIVE/HOP": ["false_place_P", "crimson pier", "GW-839"], "NOMEM/R0": ["correct", "UNKNOWN"], "NOMEM/HOP": ["correct", "UNKNOWN", null], "MOD_PKV/ID_ORACLE": ["wrong", "crimson pier", "UNKNOWN"], "MOD_PKV/ID_DECOY": ["wrong", "crimson pier", "hazel atrium"], "MOD_PKV/ID_FAKE": ["correct", "UNKNOWN", "UNKNOWN"]}, "margins": {"MOD_PKV": 10.562, "NOMEM": -16.598}}
T450 {"case": "t450-test-25:AB", "target": "sienna terrace", "cells": {"CONTEXT/R0": ["container_id", "sienna terrace The engraved chalice is in co"], "MOD_PKV/R0": ["false_unknown", "UNKNOWN"], "MOD_PKV/HOP": ["correct", "sienna terrace", "DD-545"], "MOD_NATIVE/R0": ["correct", "sienna terrace."], "MOD_NATIVE/HOP": ["correct", "sienna terrace", "DD-545"], "NOMEM/R0": ["false_unknown", "UNKNOWN"], "NOMEM/HOP": ["false_unknown", "UNKNOWN", null], "MOD_PKV/ID_ORACLE": ["correct", "sienna terrace", "sienna terrace"], "MOD_PKV/ID_DECOY": ["correct", "UNKNOWN", "UNKNOWN"], "MOD_PKV/ID_FAKE": ["correct", "UNKNOWN", "UNKNOWN"]}, "margins": {"MOD_PKV": -0.125, "NOMEM": -14.521}}
T450 {"case": "t450-test-25:BA", "target": "sienna terrace", "cells": {"CONTEXT/R0": ["correct", "sienna terrace."], "MOD_PKV/R0": ["false_unknown", "UNKNOWN"], "MOD_PKV/HOP": ["correct", "sienna terrace", "DD-545"], "MOD_NATIVE/R0": ["false_unknown", "UNKNOWN"], "MOD_NATIVE/HOP": ["correct", "sienna terrace", "DD-545"], "NOMEM/R0": ["false_unknown", "UNKNOWN"], "NOMEM/HOP": ["false_unknown", "UNKNOWN", null], "MOD_PKV/ID_ORACLE": ["correct", "sienna terrace", "sienna terrace"], "MOD_PKV/ID_DECOY": ["correct", "UNKNOWN", "UNKNOWN"], "MOD_PKV/ID_FAKE": ["correct", "UNKNOWN", "UNKNOWN"]}, "margins": {"MOD_PKV": -0.375, "NOMEM": -14.521}}
T450 {"case": "t450-test-25:AXB", "target": "sienna terrace", "cells": {"CONTEXT/R0": ["false_unknown", "UNKNOWN"], "MOD_PKV/R0": ["correct", "sienna terrace."], "MOD_PKV/HOP": ["correct", "sienna terrace", "DD-545"], "MOD_NATIVE/R0": ["correct", "sienna terrace."], "MOD_NATIVE/HOP": ["correct", "sienna terrace", "DD-545"], "NOMEM/R0": ["false_unknown", "UNKNOWN"], "NOMEM/HOP": ["false_unknown", "UNKNOWN", null], "MOD_PKV/ID_ORACLE": ["correct", "sienna terrace", "sienna terrace"], "MOD_PKV/ID_DECOY": ["wrong", "sienna terrace. The container HW-840 is loca", "juniper granary"], "MOD_PKV/ID_FAKE": ["correct", "UNKNOWN", "UNKNOWN"]}, "margins": {"MOD_PKV": 0.375, "NOMEM": -14.719}}
T450 {"case": "t450-test-25:BXA", "target": "sienna terrace", "cells": {"CONTEXT/R0": ["correct", "sienna terrace"], "MOD_PKV/R0": ["false_unknown", "UNKNOWN"], "MOD_PKV/HOP": ["correct", "sienna terrace", "DD-545"], "MOD_NATIVE/R0": ["false_unknown", "UNKNOWN"], "MOD_NATIVE/HOP": ["correct", "sienna terrace", "DD-545"], "NOMEM/R0": ["false_unknown", "UNKNOWN"], "NOMEM/HOP": ["false_unknown", "UNKNOWN", null], "MOD_PKV/ID_ORACLE": ["correct", "sienna terrace", "sienna terrace"], "MOD_PKV/ID_DECOY": ["wrong", "sienna terrace", "juniper granary"], "MOD_PKV/ID_FAKE": ["correct", "UNKNOWN", "UNKNOWN"]}, "margins": {"MOD_PKV": -0.75, "NOMEM": -14.719}}
T450 {"case": "t450-test-25:AX", "target": "UNKNOWN", "cells": {"CONTEXT/R0": ["correct", "UNKNOWN"], "MOD_PKV/R0": ["false_place_Q", "the juniper granary."], "MOD_PKV/HOP": ["false_place_Q", "juniper granary", "DD-545"], "MOD_NATIVE/R0": ["correct", "UNKNOWN"], "MOD_NATIVE/HOP": ["false_place_Q", "juniper granary", "DD-545"], "NOMEM/R0": ["correct", "UNKNOWN"], "NOMEM/HOP": ["correct", "UNKNOWN", null], "MOD_PKV/ID_ORACLE": ["wrong", "juniper granary", "UNKNOWN"], "MOD_PKV/ID_DECOY": ["correct", "juniper granary", "juniper granary"], "MOD_PKV/ID_FAKE": ["correct", "UNKNOWN", "UNKNOWN"]}, "margins": {"MOD_PKV": -17.656, "NOMEM": -14.457}}
T450 {"case": "t450-test-25:XA", "target": "UNKNOWN", "cells": {"CONTEXT/R0": ["container_id", "DD-545"], "MOD_PKV/R0": ["correct", "UNKNOWN"], "MOD_PKV/HOP": ["correct", "UNKNOWN", "DD-545"], "MOD_NATIVE/R0": ["correct", "UNKNOWN"], "MOD_NATIVE/HOP": ["correct", "UNKNOWN", "DD-545"], "NOMEM/R0": ["correct", "UNKNOWN"], "NOMEM/HOP": ["correct", "UNKNOWN", null], "MOD_PKV/ID_ORACLE": ["correct", "UNKNOWN", "UNKNOWN"], "MOD_PKV/ID_DECOY": ["correct", "juniper granary", "juniper granary"], "MOD_PKV/ID_FAKE": ["correct", "UNKNOWN", "UNKNOWN"]}, "margins": {"MOD_PKV": -18.438, "NOMEM": -14.457}}
T450 {"case": "t450-test-25:AXW", "target": "UNKNOWN", "cells": {"CONTEXT/R0": ["correct", "UNKNOWN"], "MOD_PKV/R0": ["false_place_P", "sienna terrace."], "MOD_PKV/HOP": ["false_place_P", "sienna terrace. The container DD-545 is loca", "DD-545"], "MOD_NATIVE/R0": ["false_place_P", "sienna terrace."], "MOD_NATIVE/HOP": ["false_place_P", "sienna terrace. The container DD-545 is loca", "DD-545"], "NOMEM/R0": ["correct", "UNKNOWN"], "NOMEM/HOP": ["correct", "UNKNOWN", null], "MOD_PKV/ID_ORACLE": ["wrong", "sienna terrace. The container DD-545 is loca", "UNKNOWN"], "MOD_PKV/ID_DECOY": ["wrong", "sienna terrace. The container HW-840 is loca", "juniper granary"], "MOD_PKV/ID_FAKE": ["correct", "UNKNOWN", "UNKNOWN"]}, "margins": {"MOD_PKV": 2.125, "NOMEM": -14.719}}
T450 {"case": "t450-test-25:WXA", "target": "UNKNOWN", "cells": {"CONTEXT/R0": ["container_id", "Container DD-545"], "MOD_PKV/R0": ["false_place_P", "sienna terrace."], "MOD_PKV/HOP": ["correct", "UNKNOWN", null], "MOD_NATIVE/R0": ["false_place_P", "sienna terrace."], "MOD_NATIVE/HOP": ["correct", "UNKNOWN", null], "NOMEM/R0": ["correct", "UNKNOWN"], "NOMEM/HOP": ["correct", "UNKNOWN", null], "MOD_PKV/ID_ORACLE": ["wrong", "sienna terrace. The container DD-545 is loca", "UNKNOWN"], "MOD_PKV/ID_DECOY": ["wrong", "sienna terrace", "juniper granary"], "MOD_PKV/ID_FAKE": ["correct", "UNKNOWN", "UNKNOWN"]}, "margins": {"MOD_PKV": 1.125, "NOMEM": -14.719}}
T450 {"case": "t450-test-26:AB", "target": "olive pier", "cells": {"CONTEXT/R0": ["correct", "THE OLIVE PIER"], "MOD_PKV/R0": ["correct", "olive pier"], "MOD_PKV/HOP": ["correct", "olive pier", "VS-246"], "MOD_NATIVE/R0": ["correct", "olive pier"], "MOD_NATIVE/HOP": ["correct", "olive pier", "VS-246"], "NOMEM/R0": ["false_unknown", "UNKNOWN"], "NOMEM/HOP": ["false_unknown", "UNKNOWN", null], "MOD_PKV/ID_ORACLE": ["correct", "olive pier", "olive pier"], "MOD_PKV/ID_DECOY": ["correct", "UNKNOWN", "UNKNOWN"], "MOD_PKV/ID_FAKE": ["correct", "UNKNOWN", "UNKNOWN"]}, "margins": {"MOD_PKV": 7.75, "NOMEM": -19.703}}
T450 {"case": "t450-test-26:BA", "target": "olive pier", "cells": {"CONTEXT/R0": ["false_unknown", "UNKNOWN"], "MOD_PKV/R0": ["correct", "olive pier"], "MOD_PKV/HOP": ["correct", "olive pier", "VS-246"], "MOD_NATIVE/R0": ["correct", "olive pier"], "MOD_NATIVE/HOP": ["correct", "olive pier", "VS-246"], "NOMEM/R0": ["false_unknown", "UNKNOWN"], "NOMEM/HOP": ["false_unknown", "UNKNOWN", null], "MOD_PKV/ID_ORACLE": ["correct", "olive pier", "olive pier"], "MOD_PKV/ID_DECOY": ["correct", "UNKNOWN", "UNKNOWN"], "MOD_PKV/ID_FAKE": ["correct", "UNKNOWN", "UNKNOWN"]}, "margins": {"MOD_PKV": 7.625, "NOMEM": -19.703}}
T450 {"case": "t450-test-26:AXB", "target": "olive pier", "cells": {"CONTEXT/R0": ["correct", "The olive pier"], "MOD_PKV/R0": ["decoy_place_Q", "walnut atrium"], "MOD_PKV/HOP": ["decoy_place_Q", "walnut atrium", "VS-246"], "MOD_NATIVE/R0": ["decoy_place_Q", "walnut atrium"], "MOD_NATIVE/HOP": ["decoy_place_Q", "walnut atrium", "VS-246"], "NOMEM/R0": ["false_unknown", "UNKNOWN"], "NOMEM/HOP": ["false_unknown", "UNKNOWN", null], "MOD_PKV/ID_ORACLE": ["wrong", "walnut atrium", "olive pier"], "MOD_PKV/ID_DECOY": ["correct", "walnut atrium", "walnut atrium"], "MOD_PKV/ID_FAKE": ["correct", "UNKNOWN", "UNKNOWN"]}, "margins": {"MOD_PKV": 2.312, "NOMEM": -18.258}}
T450 {"case": "t450-test-26:BXA", "target": "olive pier", "cells": {"CONTEXT/R0": ["decoy_place_Q", "walnut atrium"], "MOD_PKV/R0": ["decoy_place_Q", "walnut atrium"], "MOD_PKV/HOP": ["decoy_place_Q", "walnut atrium", "VS-246"], "MOD_NATIVE/R0": ["decoy_place_Q", "walnut atrium"], "MOD_NATIVE/HOP": ["decoy_place_Q", "walnut atrium", "VS-246"], "NOMEM/R0": ["false_unknown", "UNKNOWN"], "NOMEM/HOP": ["false_unknown", "UNKNOWN", null], "MOD_PKV/ID_ORACLE": ["wrong", "walnut atrium", "olive pier"], "MOD_PKV/ID_DECOY": ["correct", "walnut atrium", "walnut atrium"], "MOD_PKV/ID_FAKE": ["correct", "UNKNOWN", "UNKNOWN"]}, "margins": {"MOD_PKV": 1.875, "NOMEM": -18.258}}
T450 {"case": "t450-test-26:AX", "target": "UNKNOWN", "cells": {"CONTEXT/R0": ["correct", "UNKNOWN"], "MOD_PKV/R0": ["false_place_Q", "walnut atrium"], "MOD_PKV/HOP": ["false_place_Q", "walnut atrium", "VS-246"], "MOD_NATIVE/R0": ["false_place_Q", "walnut atrium"], "MOD_NATIVE/HOP": ["false_place_Q", "walnut atrium", "VS-246"], "NOMEM/R0": ["correct", "UNKNOWN"], "NOMEM/HOP": ["correct", "UNKNOWN", null], "MOD_PKV/ID_ORACLE": ["wrong", "walnut atrium", "UNKNOWN"], "MOD_PKV/ID_DECOY": ["correct", "walnut atrium", "walnut atrium"], "MOD_PKV/ID_FAKE": ["correct", "UNKNOWN", "UNKNOWN"]}, "margins": {"MOD_PKV": -10.031, "NOMEM": -19.953}}
T450 {"case": "t450-test-26:XA", "target": "UNKNOWN", "cells": {"CONTEXT/R0": ["false_place_Q", "walnut atrium"], "MOD_PKV/R0": ["false_place_Q", "walnut atrium"], "MOD_PKV/HOP": ["false_place_Q", "walnut atrium", "VS-246"], "MOD_NATIVE/R0": ["false_place_Q", "walnut atrium"], "MOD_NATIVE/HOP": ["false_place_Q", "walnut atrium", "VS-246"], "NOMEM/R0": ["correct", "UNKNOWN"], "NOMEM/HOP": ["correct", "UNKNOWN", null], "MOD_PKV/ID_ORACLE": ["wrong", "walnut atrium", "UNKNOWN"], "MOD_PKV/ID_DECOY": ["correct", "walnut atrium", "walnut atrium"], "MOD_PKV/ID_FAKE": ["correct", "UNKNOWN", "UNKNOWN"]}, "margins": {"MOD_PKV": -10.062, "NOMEM": -19.953}}
T450 {"case": "t450-test-26:AXW", "target": "UNKNOWN", "cells": {"CONTEXT/R0": ["correct", "UNKNOWN"], "MOD_PKV/R0": ["false_place_Q", "walnut atrium"], "MOD_PKV/HOP": ["false_place_Q", "walnut atrium", "VS-246"], "MOD_NATIVE/R0": ["false_place_Q", "walnut atrium"], "MOD_NATIVE/HOP": ["false_place_Q", "walnut atrium", "VS-246"], "NOMEM/R0": ["correct", "UNKNOWN"], "NOMEM/HOP": ["correct", "UNKNOWN", null], "MOD_PKV/ID_ORACLE": ["wrong", "walnut atrium", "UNKNOWN"], "MOD_PKV/ID_DECOY": ["correct", "walnut atrium", "walnut atrium"], "MOD_PKV/ID_FAKE": ["correct", "UNKNOWN", "UNKNOWN"]}, "margins": {"MOD_PKV": -0.438, "NOMEM": -18.258}}
T450 {"case": "t450-test-26:WXA", "target": "UNKNOWN", "cells": {"CONTEXT/R0": ["false_place_Q", "walnut atrium"], "MOD_PKV/R0": ["false_place_Q", "walnut atrium"], "MOD_PKV/HOP": ["false_place_Q", "walnut atrium", "VS-246"], "MOD_NATIVE/R0": ["false_place_Q", "walnut atrium"], "MOD_NATIVE/HOP": ["false_place_Q", "walnut atrium", "VS-246"], "NOMEM/R0": ["correct", "UNKNOWN"], "NOMEM/HOP": ["correct", "UNKNOWN", null], "MOD_PKV/ID_ORACLE": ["wrong", "walnut atrium", "UNKNOWN"], "MOD_PKV/ID_DECOY": ["correct", "walnut atrium", "walnut atrium"], "MOD_PKV/ID_FAKE": ["correct", "UNKNOWN", "UNKNOWN"]}, "margins": {"MOD_PKV": -1.438, "NOMEM": -18.258}}
T450 {"case": "t450-test-27:AB", "target": "pewter stable", "cells": {"CONTEXT/R0": ["false_unknown", "UNKNOWN"], "MOD_PKV/R0": ["container_id", "Container XL-601"], "MOD_PKV/HOP": ["false_unknown", "UNKNOWN", "XL-601"], "MOD_NATIVE/R0": ["container_id", "Container XL-601"], "MOD_NATIVE/HOP": ["false_unknown", "UNKNOWN", "XL-601"], "NOMEM/R0": ["false_unknown", "UNKNOWN"], "NOMEM/HOP": ["false_unknown", "UNKNOWN", null], "MOD_PKV/ID_ORACLE": ["wrong", "UNKNOWN", "pewter stable"], "MOD_PKV/ID_DECOY": ["correct", "UNKNOWN", "UNKNOWN"], "MOD_PKV/ID_FAKE": ["correct", "UNKNOWN", "UNKNOWN"]}, "margins": {"MOD_PKV": -8.688, "NOMEM": -17.953}}
T450 {"case": "t450-test-27:BA", "target": "pewter stable", "cells": {"CONTEXT/R0": ["false_unknown", "UNKNOWN"], "MOD_PKV/R0": ["container_id", "Container XL-601"], "MOD_PKV/HOP": ["false_unknown", "UNKNOWN", "XL-601"], "MOD_NATIVE/R0": ["container_id", "Container XL-601"], "MOD_NATIVE/HOP": ["false_unknown", "UNKNOWN", "XL-601"], "NOMEM/R0": ["false_unknown", "UNKNOWN"], "NOMEM/HOP": ["false_unknown", "UNKNOWN", null], "MOD_PKV/ID_ORACLE": ["wrong", "UNKNOWN", "pewter stable"], "MOD_PKV/ID_DECOY": ["correct", "UNKNOWN", "UNKNOWN"], "MOD_PKV/ID_FAKE": ["correct", "UNKNOWN", "UNKNOWN"]}, "margins": {"MOD_PKV": -9.438, "NOMEM": -17.953}}
T450 {"case": "t450-test-27:AXB", "target": "pewter stable", "cells": {"CONTEXT/R0": ["container_id", "Container XL-601"], "MOD_PKV/R0": ["false_unknown", "UNKNOWN"], "MOD_PKV/HOP": ["false_unknown", "UNKNOWN", "XL-601"], "MOD_NATIVE/R0": ["false_unknown", "UNKNOWN"], "MOD_NATIVE/HOP": ["false_unknown", "UNKNOWN", "XL-601"], "NOMEM/R0": ["false_unknown", "UNKNOWN"], "NOMEM/HOP": ["false_unknown", "UNKNOWN", null], "MOD_PKV/ID_ORACLE": ["wrong", "UNKNOWN", "pewter stable"], "MOD_PKV/ID_DECOY": ["wrong", "UNKNOWN", "walnut boathouse"], "MOD_PKV/ID_FAKE": ["correct", "UNKNOWN", "UNKNOWN"]}, "margins": {"MOD_PKV": -11.5, "NOMEM": -18.188}}
T450 {"case": "t450-test-27:BXA", "target": "pewter stable", "cells": {"CONTEXT/R0": ["correct", "The pewter stable"], "MOD_PKV/R0": ["container_id", "Container XL-601"], "MOD_PKV/HOP": ["false_unknown", "UNKNOWN", "XL-601"], "MOD_NATIVE/R0": ["container_id", "Container XL-601"], "MOD_NATIVE/HOP": ["false_unknown", "UNKNOWN", "XL-601"], "NOMEM/R0": ["false_unknown", "UNKNOWN"], "NOMEM/HOP": ["false_unknown", "UNKNOWN", null], "MOD_PKV/ID_ORACLE": ["wrong", "UNKNOWN", "pewter stable"], "MOD_PKV/ID_DECOY": ["wrong", "UNKNOWN", "walnut boathouse"], "MOD_PKV/ID_FAKE": ["correct", "UNKNOWN", "UNKNOWN"]}, "margins": {"MOD_PKV": -10.312, "NOMEM": -18.188}}
T450 {"case": "t450-test-27:AX", "target": "UNKNOWN", "cells": {"CONTEXT/R0": ["container_id", "Container XL-601"], "MOD_PKV/R0": ["container_id", "Container XL-601"], "MOD_PKV/HOP": ["correct", "UNKNOWN", "XL-601"], "MOD_NATIVE/R0": ["container_id", "Container XL-601"], "MOD_NATIVE/HOP": ["correct", "UNKNOWN", "XL-601"], "NOMEM/R0": ["correct", "UNKNOWN"], "NOMEM/HOP": ["correct", "UNKNOWN", null], "MOD_PKV/ID_ORACLE": ["correct", "UNKNOWN", "UNKNOWN"], "MOD_PKV/ID_DECOY": ["wrong", "UNKNOWN", "walnut boathouse"], "MOD_PKV/ID_FAKE": ["correct", "UNKNOWN", "UNKNOWN"]}, "margins": {"MOD_PKV": -22.172, "NOMEM": -18.117}}
T450 {"case": "t450-test-27:XA", "target": "UNKNOWN", "cells": {"CONTEXT/R0": ["false_place_Q", "The walnut boathouse"], "MOD_PKV/R0": ["container_id", "Container XL-601"], "MOD_PKV/HOP": ["correct", "UNKNOWN", "XL-601"], "MOD_NATIVE/R0": ["container_id", "Container XL-601"], "MOD_NATIVE/HOP": ["correct", "UNKNOWN", "XL-601"], "NOMEM/R0": ["correct", "UNKNOWN"], "NOMEM/HOP": ["correct", "UNKNOWN", null], "MOD_PKV/ID_ORACLE": ["correct", "UNKNOWN", "UNKNOWN"], "MOD_PKV/ID_DECOY": ["wrong", "UNKNOWN", "walnut boathouse"], "MOD_PKV/ID_FAKE": ["correct", "UNKNOWN", "UNKNOWN"]}, "margins": {"MOD_PKV": -20.797, "NOMEM": -18.117}}
T450 {"case": "t450-test-27:AXW", "target": "UNKNOWN", "cells": {"CONTEXT/R0": ["container_id", "Container XL-601"], "MOD_PKV/R0": ["correct", "UNKNOWN"], "MOD_PKV/HOP": ["correct", "UNKNOWN", "SR-328"], "MOD_NATIVE/R0": ["correct", "UNKNOWN"], "MOD_NATIVE/HOP": ["correct", "UNKNOWN", "SR-328"], "NOMEM/R0": ["correct", "UNKNOWN"], "NOMEM/HOP": ["correct", "UNKNOWN", null], "MOD_PKV/ID_ORACLE": ["correct", "UNKNOWN", "UNKNOWN"], "MOD_PKV/ID_DECOY": ["wrong", "The pewter stable", "walnut boathouse"], "MOD_PKV/ID_FAKE": ["correct", "UNKNOWN", "UNKNOWN"]}, "margins": {"MOD_PKV": -13.594, "NOMEM": -18.188}}
T450 {"case": "t450-test-27:WXA", "target": "UNKNOWN", "cells": {"CONTEXT/R0": ["false_place_P", "The pewter stable"], "MOD_PKV/R0": ["container_id", "Container SR-328"], "MOD_PKV/HOP": ["correct", "UNKNOWN", "SR-328"], "MOD_NATIVE/R0": ["container_id", "Container SR-328"], "MOD_NATIVE/HOP": ["correct", "UNKNOWN", "SR-328"], "NOMEM/R0": ["correct", "UNKNOWN"], "NOMEM/HOP": ["correct", "UNKNOWN", null], "MOD_PKV/ID_ORACLE": ["correct", "UNKNOWN", "UNKNOWN"], "MOD_PKV/ID_DECOY": ["wrong", "UNKNOWN", "walnut boathouse"], "MOD_PKV/ID_FAKE": ["correct", "UNKNOWN", "UNKNOWN"]}, "margins": {"MOD_PKV": -10.812, "NOMEM": -18.188}}
T450 {"case": "t450-test-28:AB", "target": "olive terrace", "cells": {"CONTEXT/R0": ["correct", "The olive terrace"], "MOD_PKV/R0": ["correct", "olive terrace"], "MOD_PKV/HOP": ["correct", "olive terrace", "KS-788"], "MOD_NATIVE/R0": ["correct", "olive terrace"], "MOD_NATIVE/HOP": ["correct", "olive terrace", "KS-788"], "NOMEM/R0": ["false_unknown", "UNKNOWN"], "NOMEM/HOP": ["false_unknown", "UNKNOWN", null], "MOD_PKV/ID_ORACLE": ["correct", "olive terrace", "olive terrace"], "MOD_PKV/ID_DECOY": ["correct", "UNKNOWN", "UNKNOWN"], "MOD_PKV/ID_FAKE": ["correct", "UNKNOWN", "UNKNOWN"]}, "margins": {"MOD_PKV": 7.375, "NOMEM": -19.75}}
T450 {"case": "t450-test-28:BA", "target": "olive terrace", "cells": {"CONTEXT/R0": ["correct", "olive terrace"], "MOD_PKV/R0": ["correct", "olive terrace"], "MOD_PKV/HOP": ["correct", "olive terrace", "KS-788"], "MOD_NATIVE/R0": ["correct", "olive terrace"], "MOD_NATIVE/HOP": ["correct", "olive terrace", "KS-788"], "NOMEM/R0": ["false_unknown", "UNKNOWN"], "NOMEM/HOP": ["false_unknown", "UNKNOWN", null], "MOD_PKV/ID_ORACLE": ["correct", "olive terrace", "olive terrace"], "MOD_PKV/ID_DECOY": ["correct", "UNKNOWN", "UNKNOWN"], "MOD_PKV/ID_FAKE": ["correct", "UNKNOWN", "UNKNOWN"]}, "margins": {"MOD_PKV": 7.375, "NOMEM": -19.75}}
T450 {"case": "t450-test-28:AXB", "target": "olive terrace", "cells": {"CONTEXT/R0": ["correct", "The olive terrace"], "MOD_PKV/R0": ["decoy_place_Q", "lilac barracks"], "MOD_PKV/HOP": ["decoy_place_Q", "lilac barracks", "KS-788"], "MOD_NATIVE/R0": ["decoy_place_Q", "lilac barracks"], "MOD_NATIVE/HOP": ["decoy_place_Q", "lilac barracks", "KS-788"], "NOMEM/R0": ["false_unknown", "UNKNOWN"], "NOMEM/HOP": ["false_unknown", "UNKNOWN", null], "MOD_PKV/ID_ORACLE": ["wrong", "lilac barracks", "olive terrace"], "MOD_PKV/ID_DECOY": ["correct", "lilac barracks", "lilac barracks"], "MOD_PKV/ID_FAKE": ["correct", "UNKNOWN", "UNKNOWN"]}, "margins": {"MOD_PKV": 1.938, "NOMEM": -18.125}}
T450 {"case": "t450-test-28:BXA", "target": "olive terrace", "cells": {"CONTEXT/R0": ["correct", "olive terrace"], "MOD_PKV/R0": ["decoy_place_Q", "lilac barracks"], "MOD_PKV/HOP": ["decoy_place_Q", "lilac barracks", "KS-788"], "MOD_NATIVE/R0": ["decoy_place_Q", "lilac barracks"], "MOD_NATIVE/HOP": ["decoy_place_Q", "lilac barracks", "KS-788"], "NOMEM/R0": ["false_unknown", "UNKNOWN"], "NOMEM/HOP": ["false_unknown", "UNKNOWN", null], "MOD_PKV/ID_ORACLE": ["wrong", "lilac barracks", "olive terrace"], "MOD_PKV/ID_DECOY": ["correct", "lilac barracks", "lilac barracks"], "MOD_PKV/ID_FAKE": ["correct", "UNKNOWN", "UNKNOWN"]}, "margins": {"MOD_PKV": 0.0, "NOMEM": -18.125}}
T450 {"case": "t450-test-28:AX", "target": "UNKNOWN", "cells": {"CONTEXT/R0": ["false_place_Q", "lilac barracks"], "MOD_PKV/R0": ["false_place_Q", "lilac barracks"], "MOD_PKV/HOP": ["false_place_Q", "lilac barracks", "KS-788"], "MOD_NATIVE/R0": ["false_place_Q", "lilac barracks"], "MOD_NATIVE/HOP": ["false_place_Q", "lilac barracks", "KS-788"], "NOMEM/R0": ["correct", "UNKNOWN"], "NOMEM/HOP": ["correct", "UNKNOWN", null], "MOD_PKV/ID_ORACLE": ["wrong", "lilac barracks", "UNKNOWN"], "MOD_PKV/ID_DECOY": ["correct", "lilac barracks", "lilac barracks"], "MOD_PKV/ID_FAKE": ["correct", "UNKNOWN", "UNKNOWN"]}, "margins": {"MOD_PKV": -12.781, "NOMEM": -19.594}}
T450 {"case": "t450-test-28:XA", "target": "UNKNOWN", "cells": {"CONTEXT/R0": ["false_place_Q", "lilac barracks"], "MOD_PKV/R0": ["false_place_Q", "lilac barracks"], "MOD_PKV/HOP": ["false_place_Q", "lilac barracks", "KS-788"], "MOD_NATIVE/R0": ["false_place_Q", "lilac barracks"], "MOD_NATIVE/HOP": ["false_place_Q", "lilac barracks", "KS-788"], "NOMEM/R0": ["correct", "UNKNOWN"], "NOMEM/HOP": ["correct", "UNKNOWN", null], "MOD_PKV/ID_ORACLE": ["wrong", "lilac barracks", "UNKNOWN"], "MOD_PKV/ID_DECOY": ["wrong", "lilac barracks The container HK-595 is locat", "lilac barracks"], "MOD_PKV/ID_FAKE": ["correct", "UNKNOWN", "UNKNOWN"]}, "margins": {"MOD_PKV": -11.719, "NOMEM": -19.594}}
T450 {"case": "t450-test-28:AXW", "target": "UNKNOWN", "cells": {"CONTEXT/R0": ["correct", "UNKNOWN"], "MOD_PKV/R0": ["false_place_Q", "lilac barracks"], "MOD_PKV/HOP": ["false_place_Q", "lilac barracks", "KS-788"], "MOD_NATIVE/R0": ["false_place_Q", "lilac barracks"], "MOD_NATIVE/HOP": ["false_place_Q", "lilac barracks", "KS-788"], "NOMEM/R0": ["correct", "UNKNOWN"], "NOMEM/HOP": ["correct", "UNKNOWN", null], "MOD_PKV/ID_ORACLE": ["wrong", "lilac barracks", "UNKNOWN"], "MOD_PKV/ID_DECOY": ["correct", "lilac barracks", "lilac barracks"], "MOD_PKV/ID_FAKE": ["correct", "UNKNOWN", "UNKNOWN"]}, "margins": {"MOD_PKV": 0.625, "NOMEM": -18.125}}
T450 {"case": "t450-test-28:WXA", "target": "UNKNOWN", "cells": {"CONTEXT/R0": ["correct", "UNKNOWN"], "MOD_PKV/R0": ["false_place_Q", "lilac barracks"], "MOD_PKV/HOP": ["false_place_Q", "lilac barracks", "KS-788"], "MOD_NATIVE/R0": ["false_place_Q", "lilac barracks"], "MOD_NATIVE/HOP": ["false_place_Q", "lilac barracks", "KS-788"], "NOMEM/R0": ["correct", "UNKNOWN"], "NOMEM/HOP": ["correct", "UNKNOWN", null], "MOD_PKV/ID_ORACLE": ["wrong", "lilac barracks", "UNKNOWN"], "MOD_PKV/ID_DECOY": ["correct", "lilac barracks", "lilac barracks"], "MOD_PKV/ID_FAKE": ["correct", "UNKNOWN", "UNKNOWN"]}, "margins": {"MOD_PKV": -0.312, "NOMEM": -18.125}}
T450 {"case": "t450-test-29:AB", "target": "indigo workshop", "cells": {"CONTEXT/R0": ["false_unknown", "UNKNOWN"], "MOD_PKV/R0": ["container_id", "VT-858 Container"], "MOD_PKV/HOP": ["false_unknown", "UNKNOWN", "VT-858"], "MOD_NATIVE/R0": ["container_id", "VT-858 Container, Container VT-858"], "MOD_NATIVE/HOP": ["false_unknown", "UNKNOWN", "VT-858"], "NOMEM/R0": ["false_unknown", "UNKNOWN"], "NOMEM/HOP": ["false_unknown", "UNKNOWN", null], "MOD_PKV/ID_ORACLE": ["wrong", "UNKNOWN", "indigo workshop"], "MOD_PKV/ID_DECOY": ["correct", "UNKNOWN", "UNKNOWN"], "MOD_PKV/ID_FAKE": ["correct", "UNKNOWN", "UNKNOWN"]}, "margins": {"MOD_PKV": -9.562, "NOMEM": -12.828}}
T450 {"case": "t450-test-29:BA", "target": "indigo workshop", "cells": {"CONTEXT/R0": ["false_unknown", "UNKNOWN"], "MOD_PKV/R0": ["container_id", "VT-858 Container"], "MOD_PKV/HOP": ["false_unknown", "UNKNOWN", "VT-858"], "MOD_NATIVE/R0": ["container_id", "VT-858 Container"], "MOD_NATIVE/HOP": ["false_unknown", "UNKNOWN", "VT-858"], "NOMEM/R0": ["false_unknown", "UNKNOWN"], "NOMEM/HOP": ["false_unknown", "UNKNOWN", null], "MOD_PKV/ID_ORACLE": ["wrong", "UNKNOWN", "indigo workshop"], "MOD_PKV/ID_DECOY": ["correct", "UNKNOWN", "UNKNOWN"], "MOD_PKV/ID_FAKE": ["correct", "UNKNOWN", "UNKNOWN"]}, "margins": {"MOD_PKV": -11.375, "NOMEM": -12.828}}
T450 {"case": "t450-test-29:AXB", "target": "indigo workshop", "cells": {"CONTEXT/R0": ["false_unknown", "UNKNOWN"], "MOD_PKV/R0": ["correct", "The indigo workshop"], "MOD_PKV/HOP": ["false_unknown", "UNKNOWN", "VT-858"], "MOD_NATIVE/R0": ["correct", "The indigo workshop"], "MOD_NATIVE/HOP": ["false_unknown", "UNKNOWN", "VT-858"], "NOMEM/R0": ["false_unknown", "UNKNOWN"], "NOMEM/HOP": ["false_unknown", "UNKNOWN", null], "MOD_PKV/ID_ORACLE": ["wrong", "UNKNOWN", "indigo workshop"], "MOD_PKV/ID_DECOY": ["wrong", "UNKNOWN", "saffron granary"], "MOD_PKV/ID_FAKE": ["correct", "UNKNOWN", "UNKNOWN"]}, "margins": {"MOD_PKV": -8.188, "NOMEM": -12.406}}
T450 {"case": "t450-test-29:BXA", "target": "indigo workshop", "cells": {"CONTEXT/R0": ["correct", "The indigo workshop"], "MOD_PKV/R0": ["container_id", "VT-858"], "MOD_PKV/HOP": ["false_unknown", "UNKNOWN", "VT-858"], "MOD_NATIVE/R0": ["container_id", "VT-858"], "MOD_NATIVE/HOP": ["false_unknown", "UNKNOWN", "VT-858"], "NOMEM/R0": ["false_unknown", "UNKNOWN"], "NOMEM/HOP": ["false_unknown", "UNKNOWN", null], "MOD_PKV/ID_ORACLE": ["wrong", "UNKNOWN", "indigo workshop"], "MOD_PKV/ID_DECOY": ["wrong", "UNKNOWN", "saffron granary"], "MOD_PKV/ID_FAKE": ["correct", "UNKNOWN", "UNKNOWN"]}, "margins": {"MOD_PKV": -9.688, "NOMEM": -12.406}}
T450 {"case": "t450-test-29:AX", "target": "UNKNOWN", "cells": {"CONTEXT/R0": ["container_id", "Container VT-858"], "MOD_PKV/R0": ["container_id", "VT-858 Container"], "MOD_PKV/HOP": ["correct", "UNKNOWN", "WV-566"], "MOD_NATIVE/R0": ["container_id", "VT-858 Container"], "MOD_NATIVE/HOP": ["correct", "UNKNOWN", "WV-566"], "NOMEM/R0": ["correct", "UNKNOWN"], "NOMEM/HOP": ["correct", "UNKNOWN", null], "MOD_PKV/ID_ORACLE": ["correct", "UNKNOWN", "UNKNOWN"], "MOD_PKV/ID_DECOY": ["wrong", "UNKNOWN", "saffron granary"], "MOD_PKV/ID_FAKE": ["correct", "UNKNOWN", "UNKNOWN"]}, "margins": {"MOD_PKV": -19.102, "NOMEM": -12.703}}
T450 {"case": "t450-test-29:XA", "target": "UNKNOWN", "cells": {"CONTEXT/R0": ["correct", "UNKNOWN"], "MOD_PKV/R0": ["container_id", "VT-858 Container"], "MOD_PKV/HOP": ["correct", "UNKNOWN", "WV-566"], "MOD_NATIVE/R0": ["container_id", "VT-858 Container"], "MOD_NATIVE/HOP": ["correct", "UNKNOWN", "WV-566"], "NOMEM/R0": ["correct", "UNKNOWN"], "NOMEM/HOP": ["correct", "UNKNOWN", null], "MOD_PKV/ID_ORACLE": ["correct", "UNKNOWN", "UNKNOWN"], "MOD_PKV/ID_DECOY": ["wrong", "UNKNOWN", "saffron granary"], "MOD_PKV/ID_FAKE": ["correct", "UNKNOWN", "UNKNOWN"]}, "margins": {"MOD_PKV": -18.297, "NOMEM": -12.703}}
T450 {"case": "t450-test-29:AXW", "target": "UNKNOWN", "cells": {"CONTEXT/R0": ["container_id", "Container VT-858"], "MOD_PKV/R0": ["other_wrong", "The saffron workshop"], "MOD_PKV/HOP": ["correct", "UNKNOWN", "WV-566"], "MOD_NATIVE/R0": ["false_place_P", "The indigo workshop"], "MOD_NATIVE/HOP": ["correct", "UNKNOWN", "WV-566"], "NOMEM/R0": ["correct", "UNKNOWN"], "NOMEM/HOP": ["correct", "UNKNOWN", null], "MOD_PKV/ID_ORACLE": ["correct", "UNKNOWN", "UNKNOWN"], "MOD_PKV/ID_DECOY": ["wrong", "UNKNOWN", "saffron granary"], "MOD_PKV/ID_FAKE": ["correct", "UNKNOWN", "UNKNOWN"]}, "margins": {"MOD_PKV": -8.5, "NOMEM": -12.406}}
T450 {"case": "t450-test-29:WXA", "target": "UNKNOWN", "cells": {"CONTEXT/R0": ["container_id", "The enamel locket is in container VT-858. If"], "MOD_PKV/R0": ["false_place_P", "The indigo workshop"], "MOD_PKV/HOP": ["correct", "UNKNOWN", "WV-566"], "MOD_NATIVE/R0": ["false_place_P", "The indigo workshop"], "MOD_NATIVE/HOP": ["correct", "UNKNOWN", "WV-566"], "NOMEM/R0": ["correct", "UNKNOWN"], "NOMEM/HOP": ["correct", "UNKNOWN", null], "MOD_PKV/ID_ORACLE": ["correct", "UNKNOWN", "UNKNOWN"], "MOD_PKV/ID_DECOY": ["wrong", "UNKNOWN", "saffron granary"], "MOD_PKV/ID_FAKE": ["correct", "UNKNOWN", "UNKNOWN"]}, "margins": {"MOD_PKV": -10.375, "NOMEM": -12.406}}
T450 {"case": "t450-test-30:AB", "target": "indigo rotunda", "cells": {"CONTEXT/R0": ["correct", "indigo rotunda"], "MOD_PKV/R0": ["correct", "indigo rotunda."], "MOD_PKV/HOP": ["correct", "indigo rotunda", "XD-611"], "MOD_NATIVE/R0": ["correct", "indigo rotunda."], "MOD_NATIVE/HOP": ["correct", "indigo rotunda", "XD-611"], "NOMEM/R0": ["false_unknown", "UNKNOWN"], "NOMEM/HOP": ["false_unknown", "UNKNOWN", null], "MOD_PKV/ID_ORACLE": ["correct", "indigo rotunda", "indigo rotunda"], "MOD_PKV/ID_DECOY": ["correct", "UNKNOWN", "UNKNOWN"], "MOD_PKV/ID_FAKE": ["correct", "UNKNOWN", "UNKNOWN"]}, "margins": {"MOD_PKV": 0.875, "NOMEM": -12.734}}
T450 {"case": "t450-test-30:BA", "target": "indigo rotunda", "cells": {"CONTEXT/R0": ["other_wrong", "indigo rotunda UNKNOWN indigo rotunda UNKNOW"], "MOD_PKV/R0": ["correct", "indigo rotunda."], "MOD_PKV/HOP": ["correct", "indigo rotunda", "XD-611"], "MOD_NATIVE/R0": ["correct", "indigo rotunda."], "MOD_NATIVE/HOP": ["correct", "indigo rotunda", "XD-611"], "NOMEM/R0": ["false_unknown", "UNKNOWN"], "NOMEM/HOP": ["false_unknown", "UNKNOWN", null], "MOD_PKV/ID_ORACLE": ["correct", "indigo rotunda", "indigo rotunda"], "MOD_PKV/ID_DECOY": ["correct", "UNKNOWN", "UNKNOWN"], "MOD_PKV/ID_FAKE": ["correct", "UNKNOWN", "UNKNOWN"]}, "margins": {"MOD_PKV": 1.125, "NOMEM": -12.734}}
T450 {"case": "t450-test-30:AXB", "target": "indigo rotunda", "cells": {"CONTEXT/R0": ["false_unknown", "UNKNOWN"], "MOD_PKV/R0": ["correct", "indigo rotunda."], "MOD_PKV/HOP": ["other_wrong", "crimson rotunda", "XD-611"], "MOD_NATIVE/R0": ["correct", "indigo rotunda."], "MOD_NATIVE/HOP": ["other_wrong", "crimson rotunda", "XD-611"], "NOMEM/R0": ["false_unknown", "UNKNOWN"], "NOMEM/HOP": ["false_unknown", "UNKNOWN", null], "MOD_PKV/ID_ORACLE": ["wrong", "crimson rotunda", "indigo rotunda"], "MOD_PKV/ID_DECOY": ["wrong", "The crimson rotunda.", "crimson foundry"], "MOD_PKV/ID_FAKE": ["correct", "UNKNOWN", "UNKNOWN"]}, "margins": {"MOD_PKV": 1.625, "NOMEM": -12.969}}
T450 {"case": "t450-test-30:BXA", "target": "indigo rotunda", "cells": {"CONTEXT/R0": ["correct", "indigo rotunda"], "MOD_PKV/R0": ["other_wrong", "The crimson rotunda."], "MOD_PKV/HOP": ["other_wrong", "crimson rotunda", "XD-611"], "MOD_NATIVE/R0": ["other_wrong", "The crimson rotunda."], "MOD_NATIVE/HOP": ["other_wrong", "crimson rotunda", "XD-611"], "NOMEM/R0": ["false_unknown", "UNKNOWN"], "NOMEM/HOP": ["false_unknown", "UNKNOWN", null], "MOD_PKV/ID_ORACLE": ["wrong", "crimson rotunda", "indigo rotunda"], "MOD_PKV/ID_DECOY": ["wrong", "crimson rotunda", "crimson foundry"], "MOD_PKV/ID_FAKE": ["correct", "UNKNOWN", "UNKNOWN"]}, "margins": {"MOD_PKV": 2.375, "NOMEM": -12.969}}
T450 {"case": "t450-test-30:AX", "target": "UNKNOWN", "cells": {"CONTEXT/R0": ["correct", "UNKNOWN"], "MOD_PKV/R0": ["false_place_Q", "crimson foundry"], "MOD_PKV/HOP": ["false_place_Q", "crimson foundry", "XD-611"], "MOD_NATIVE/R0": ["false_place_Q", "crimson foundry"], "MOD_NATIVE/HOP": ["false_place_Q", "crimson foundry", "XD-611"], "NOMEM/R0": ["correct", "UNKNOWN"], "NOMEM/HOP": ["correct", "UNKNOWN", null], "MOD_PKV/ID_ORACLE": ["wrong", "crimson foundry", "UNKNOWN"], "MOD_PKV/ID_DECOY": ["correct", "crimson foundry", "crimson foundry"], "MOD_PKV/ID_FAKE": ["correct", "UNKNOWN", "UNKNOWN"]}, "margins": {"MOD_PKV": -9.625, "NOMEM": -12.734}}
T450 {"case": "t450-test-30:XA", "target": "UNKNOWN", "cells": {"CONTEXT/R0": ["container_id", "XD-611"], "MOD_PKV/R0": ["false_place_Q", "crimson foundry"], "MOD_PKV/HOP": ["false_place_Q", "crimson foundry", "XD-611"], "MOD_NATIVE/R0": ["false_place_Q", "crimson foundry"], "MOD_NATIVE/HOP": ["false_place_Q", "crimson foundry", "XD-611"], "NOMEM/R0": ["correct", "UNKNOWN"], "NOMEM/HOP": ["correct", "UNKNOWN", null], "MOD_PKV/ID_ORACLE": ["wrong", "crimson foundry", "UNKNOWN"], "MOD_PKV/ID_DECOY": ["correct", "crimson foundry", "crimson foundry"], "MOD_PKV/ID_FAKE": ["correct", "UNKNOWN", "UNKNOWN"]}, "margins": {"MOD_PKV": -9.969, "NOMEM": -12.734}}
T450 {"case": "t450-test-30:AXW", "target": "UNKNOWN", "cells": {"CONTEXT/R0": ["correct", "UNKNOWN"], "MOD_PKV/R0": ["false_place_P", "indigo rotunda."], "MOD_PKV/HOP": ["false_place_P", "indigo rotunda", "XD-611"], "MOD_NATIVE/R0": ["false_place_P", "indigo rotunda."], "MOD_NATIVE/HOP": ["false_place_P", "indigo rotunda", "XD-611"], "NOMEM/R0": ["correct", "UNKNOWN"], "NOMEM/HOP": ["correct", "UNKNOWN", null], "MOD_PKV/ID_ORACLE": ["wrong", "indigo rotunda", "UNKNOWN"], "MOD_PKV/ID_DECOY": ["wrong", "indigo rotunda", "crimson foundry"], "MOD_PKV/ID_FAKE": ["correct", "UNKNOWN", "UNKNOWN"]}, "margins": {"MOD_PKV": 2.625, "NOMEM": -12.969}}
T450 {"case": "t450-test-30:WXA", "target": "UNKNOWN", "cells": {"CONTEXT/R0": ["container_id", "The engraved mirror sits in container XD-611"], "MOD_PKV/R0": ["other_wrong", "The crimson rotunda."], "MOD_PKV/HOP": ["other_wrong", "crimson rotunda", "XD-611"], "MOD_NATIVE/R0": ["false_place_P", "indigo rotunda."], "MOD_NATIVE/HOP": ["false_place_P", "indigo rotunda", "XD-611"], "NOMEM/R0": ["correct", "UNKNOWN"], "NOMEM/HOP": ["correct", "UNKNOWN", null], "MOD_PKV/ID_ORACLE": ["wrong", "crimson rotunda", "UNKNOWN"], "MOD_PKV/ID_DECOY": ["wrong", "indigo rotunda", "crimson foundry"], "MOD_PKV/ID_FAKE": ["correct", "UNKNOWN", "UNKNOWN"]}, "margins": {"MOD_PKV": 3.375, "NOMEM": -12.969}}
T450 {"case": "t450-test-31:AB", "target": "crimson forge", "cells": {"CONTEXT/R0": ["correct", "Crimson forge"], "MOD_PKV/R0": ["container_id", "SG-467"], "MOD_PKV/HOP": ["false_unknown", "UNKNOWN", "SG-467"], "MOD_NATIVE/R0": ["container_id", "SG-467"], "MOD_NATIVE/HOP": ["false_unknown", "UNKNOWN", "SG-467"], "NOMEM/R0": ["false_unknown", "UNKNOWN"], "NOMEM/HOP": ["false_unknown", "UNKNOWN", null], "MOD_PKV/ID_ORACLE": ["wrong", "UNKNOWN", "crimson forge"], "MOD_PKV/ID_DECOY": ["correct", "UNKNOWN", "UNKNOWN"], "MOD_PKV/ID_FAKE": ["correct", "UNKNOWN", "UNKNOWN"]}, "margins": {"MOD_PKV": 0.438, "NOMEM": -16.502}}
T450 {"case": "t450-test-31:BA", "target": "crimson forge", "cells": {"CONTEXT/R0": ["correct", "The crimson forge"], "MOD_PKV/R0": ["correct", "Crimson forge"], "MOD_PKV/HOP": ["false_unknown", "UNKNOWN", "SG-467"], "MOD_NATIVE/R0": ["correct", "Crimson forge"], "MOD_NATIVE/HOP": ["false_unknown", "UNKNOWN", "SG-467"], "NOMEM/R0": ["false_unknown", "UNKNOWN"], "NOMEM/HOP": ["false_unknown", "UNKNOWN", null], "MOD_PKV/ID_ORACLE": ["wrong", "UNKNOWN", "crimson forge"], "MOD_PKV/ID_DECOY": ["correct", "UNKNOWN", "UNKNOWN"], "MOD_PKV/ID_FAKE": ["correct", "UNKNOWN", "UNKNOWN"]}, "margins": {"MOD_PKV": 1.938, "NOMEM": -16.502}}
T450 {"case": "t450-test-31:AXB", "target": "crimson forge", "cells": {"CONTEXT/R0": ["correct", "Crimson forge"], "MOD_PKV/R0": ["container_id", "SG-467"], "MOD_PKV/HOP": ["correct", "The crimson forge", "SG-467"], "MOD_NATIVE/R0": ["container_id", "SG-467"], "MOD_NATIVE/HOP": ["false_unknown", "UNKNOWN", "SG-467"], "NOMEM/R0": ["false_unknown", "UNKNOWN"], "NOMEM/HOP": ["false_unknown", "UNKNOWN", null], "MOD_PKV/ID_ORACLE": ["correct", "The crimson forge", "crimson forge"], "MOD_PKV/ID_DECOY": ["wrong", "SG-467", "pewter granary"], "MOD_PKV/ID_FAKE": ["correct", "UNKNOWN", "UNKNOWN"]}, "margins": {"MOD_PKV": -5.938, "NOMEM": -15.574}}
T450 {"case": "t450-test-31:BXA", "target": "crimson forge", "cells": {"CONTEXT/R0": ["correct", "Crimson forge"], "MOD_PKV/R0": ["container_id", "SG-467"], "MOD_PKV/HOP": ["false_unknown", "UNKNOWN", "SG-467"], "MOD_NATIVE/R0": ["container_id", "SG-467"], "MOD_NATIVE/HOP": ["false_unknown", "UNKNOWN", "SG-467"], "NOMEM/R0": ["false_unknown", "UNKNOWN"], "NOMEM/HOP": ["false_unknown", "UNKNOWN", null], "MOD_PKV/ID_ORACLE": ["wrong", "UNKNOWN", "crimson forge"], "MOD_PKV/ID_DECOY": ["wrong", "SG-467", "pewter granary"], "MOD_PKV/ID_FAKE": ["correct", "UNKNOWN", "UNKNOWN"]}, "margins": {"MOD_PKV": -2.062, "NOMEM": -15.574}}
T450 {"case": "t450-test-31:AX", "target": "UNKNOWN", "cells": {"CONTEXT/R0": ["correct", "UNKNOWN"], "MOD_PKV/R0": ["container_id", "SG-467"], "MOD_PKV/HOP": ["container_id", "SG-467", "LP-994"], "MOD_NATIVE/R0": ["container_id", "SG-467"], "MOD_NATIVE/HOP": ["container_id", "SG-467", "LP-994"], "NOMEM/R0": ["correct", "UNKNOWN"], "NOMEM/HOP": ["correct", "UNKNOWN", null], "MOD_PKV/ID_ORACLE": ["correct", "UNKNOWN", "UNKNOWN"], "MOD_PKV/ID_DECOY": ["wrong", "SG-467", "pewter granary"], "MOD_PKV/ID_FAKE": ["correct", "UNKNOWN", "UNKNOWN"]}, "margins": {"MOD_PKV": -20.578, "NOMEM": -16.199}}
T450 {"case": "t450-test-31:XA", "target": "UNKNOWN", "cells": {"CONTEXT/R0": ["correct", "UNKNOWN"], "MOD_PKV/R0": ["container_id", "SG-467"], "MOD_PKV/HOP": ["container_id", "SG-467", "LP-994"], "MOD_NATIVE/R0": ["container_id", "SG-467"], "MOD_NATIVE/HOP": ["container_id", "SG-467", "LP-994"], "NOMEM/R0": ["correct", "UNKNOWN"], "NOMEM/HOP": ["correct", "UNKNOWN", null], "MOD_PKV/ID_ORACLE": ["correct", "UNKNOWN", "UNKNOWN"], "MOD_PKV/ID_DECOY": ["wrong", "SG-467", "pewter granary"], "MOD_PKV/ID_FAKE": ["correct", "UNKNOWN", "UNKNOWN"]}, "margins": {"MOD_PKV": -18.609, "NOMEM": -16.199}}
T450 {"case": "t450-test-31:AXW", "target": "UNKNOWN", "cells": {"CONTEXT/R0": ["correct", "UNKNOWN"], "MOD_PKV/R0": ["container_id", "SG-467"], "MOD_PKV/HOP": ["container_id", "SG-467", "PK-364"], "MOD_NATIVE/R0": ["container_id", "SG-467"], "MOD_NATIVE/HOP": ["container_id", "SG-467", "PK-364"], "NOMEM/R0": ["correct", "UNKNOWN"], "NOMEM/HOP": ["correct", "UNKNOWN", null], "MOD_PKV/ID_ORACLE": ["correct", "UNKNOWN", "UNKNOWN"], "MOD_PKV/ID_DECOY": ["wrong", "SG-467", "pewter granary"], "MOD_PKV/ID_FAKE": ["correct", "UNKNOWN", "UNKNOWN"]}, "margins": {"MOD_PKV": -6.688, "NOMEM": -15.574}}
T450 {"case": "t450-test-31:WXA", "target": "UNKNOWN", "cells": {"CONTEXT/R0": ["correct", "UNKNOWN"], "MOD_PKV/R0": ["container_id", "SG-467"], "MOD_PKV/HOP": ["container_id", "SG-467", "PK-364"], "MOD_NATIVE/R0": ["container_id", "SG-467"], "MOD_NATIVE/HOP": ["container_id", "SG-467", "PK-364"], "NOMEM/R0": ["correct", "UNKNOWN"], "NOMEM/HOP": ["correct", "UNKNOWN", null], "MOD_PKV/ID_ORACLE": ["correct", "UNKNOWN", "UNKNOWN"], "MOD_PKV/ID_DECOY": ["wrong", "SG-467", "pewter granary"], "MOD_PKV/ID_FAKE": ["correct", "UNKNOWN", "UNKNOWN"]}, "margins": {"MOD_PKV": -2.062, "NOMEM": -15.574}}
T450 {"case": "t450-test-32:AB", "target": "sienna granary", "cells": {"CONTEXT/R0": ["false_unknown", "UNKNOWN"], "MOD_PKV/R0": ["container_id", "SR-930"], "MOD_PKV/HOP": ["false_unknown", "UNKNOWN", "SR-930"], "MOD_NATIVE/R0": ["container_id", "SR-930"], "MOD_NATIVE/HOP": ["false_unknown", "UNKNOWN", "SR-930"], "NOMEM/R0": ["false_unknown", "UNKNOWN"], "NOMEM/HOP": ["false_unknown", "UNKNOWN", null], "MOD_PKV/ID_ORACLE": ["wrong", "UNKNOWN", "sienna granary"], "MOD_PKV/ID_DECOY": ["correct", "UNKNOWN", "UNKNOWN"], "MOD_PKV/ID_FAKE": ["correct", "UNKNOWN", "UNKNOWN"]}, "margins": {"MOD_PKV": -4.25, "NOMEM": -14.538}}
T450 {"case": "t450-test-32:BA", "target": "sienna granary", "cells": {"CONTEXT/R0": ["correct", "The sienna granary"], "MOD_PKV/R0": ["container_id", "SR-930"], "MOD_PKV/HOP": ["false_unknown", "UNKNOWN", "SR-930"], "MOD_NATIVE/R0": ["container_id", "SR-930"], "MOD_NATIVE/HOP": ["container_id", "SR-930 is located in the sienna granary. The", "SR-930"], "NOMEM/R0": ["false_unknown", "UNKNOWN"], "NOMEM/HOP": ["false_unknown", "UNKNOWN", null], "MOD_PKV/ID_ORACLE": ["wrong", "UNKNOWN", "sienna granary"], "MOD_PKV/ID_DECOY": ["correct", "UNKNOWN", "UNKNOWN"], "MOD_PKV/ID_FAKE": ["correct", "UNKNOWN", "UNKNOWN"]}, "margins": {"MOD_PKV": -2.562, "NOMEM": -14.538}}
T450 {"case": "t450-test-32:AXB", "target": "sienna granary", "cells": {"CONTEXT/R0": ["decoy_place_Q", "walnut forge"], "MOD_PKV/R0": ["correct", "The sienna granary"], "MOD_PKV/HOP": ["decoy_place_Q", "The walnut forge", "CP-295"], "MOD_NATIVE/R0": ["decoy_place_Q", "The walnut forge"], "MOD_NATIVE/HOP": ["decoy_place_Q", "The walnut forge", "CP-295"], "NOMEM/R0": ["false_unknown", "UNKNOWN"], "NOMEM/HOP": ["false_unknown", "UNKNOWN", null], "MOD_PKV/ID_ORACLE": ["wrong", "The walnut forge", "sienna granary"], "MOD_PKV/ID_DECOY": ["correct", "The walnut forge", "walnut forge"], "MOD_PKV/ID_FAKE": ["correct", "UNKNOWN", "UNKNOWN"]}, "margins": {"MOD_PKV": -2.688, "NOMEM": -13.998}}
T450 {"case": "t450-test-32:BXA", "target": "sienna granary", "cells": {"CONTEXT/R0": ["correct", "The sienna granary"], "MOD_PKV/R0": ["container_id", "SR-930"], "MOD_PKV/HOP": ["decoy_place_Q", "The walnut forge", "CP-295"], "MOD_NATIVE/R0": ["container_id", "SR-930"], "MOD_NATIVE/HOP": ["decoy_place_Q", "The walnut forge", "CP-295"], "NOMEM/R0": ["false_unknown", "UNKNOWN"], "NOMEM/HOP": ["false_unknown", "UNKNOWN", null], "MOD_PKV/ID_ORACLE": ["wrong", "UNKNOWN", "sienna granary"], "MOD_PKV/ID_DECOY": ["correct", "The walnut forge", "walnut forge"], "MOD_PKV/ID_FAKE": ["correct", "UNKNOWN", "UNKNOWN"]}, "margins": {"MOD_PKV": -0.25, "NOMEM": -13.998}}
T450 {"case": "t450-test-32:AX", "target": "UNKNOWN", "cells": {"CONTEXT/R0": ["false_place_Q", "Walnut forge"], "MOD_PKV/R0": ["container_id", "SR-930"], "MOD_PKV/HOP": ["container_id", "SR-930", "CP-295"], "MOD_NATIVE/R0": ["container_id", "SR-930"], "MOD_NATIVE/HOP": ["container_id", "SR-930", "CP-295"], "NOMEM/R0": ["correct", "UNKNOWN"], "NOMEM/HOP": ["correct", "UNKNOWN", null], "MOD_PKV/ID_ORACLE": ["correct", "UNKNOWN", "UNKNOWN"], "MOD_PKV/ID_DECOY": ["wrong", "SR-930", "walnut forge"], "MOD_PKV/ID_FAKE": ["correct", "UNKNOWN", "UNKNOWN"]}, "margins": {"MOD_PKV": -17.164, "NOMEM": -14.441}}
T450 {"case": "t450-test-32:XA", "target": "UNKNOWN", "cells": {"CONTEXT/R0": ["false_place_Q", "The walnut forge"], "MOD_PKV/R0": ["container_id", "SR-930"], "MOD_PKV/HOP": ["container_id", "SR-930", "CP-295"], "MOD_NATIVE/R0": ["container_id", "SR-930"], "MOD_NATIVE/HOP": ["container_id", "SR-930", "CP-295"], "NOMEM/R0": ["correct", "UNKNOWN"], "NOMEM/HOP": ["correct", "UNKNOWN", null], "MOD_PKV/ID_ORACLE": ["correct", "UNKNOWN", "UNKNOWN"], "MOD_PKV/ID_DECOY": ["wrong", "SR-930", "walnut forge"], "MOD_PKV/ID_FAKE": ["correct", "UNKNOWN", "UNKNOWN"]}, "margins": {"MOD_PKV": -15.906, "NOMEM": -14.441}}
T450 {"case": "t450-test-32:AXW", "target": "UNKNOWN", "cells": {"CONTEXT/R0": ["correct", "UNKNOWN"], "MOD_PKV/R0": ["false_place_P", "The sienna granary"], "MOD_PKV/HOP": ["false_place_Q", "The walnut forge", "CP-295"], "MOD_NATIVE/R0": ["false_place_Q", "The walnut forge"], "MOD_NATIVE/HOP": ["false_place_Q", "The walnut forge", "CP-295"], "NOMEM/R0": ["correct", "UNKNOWN"], "NOMEM/HOP": ["correct", "UNKNOWN", null], "MOD_PKV/ID_ORACLE": ["correct", "UNKNOWN", "UNKNOWN"], "MOD_PKV/ID_DECOY": ["correct", "The walnut forge", "walnut forge"], "MOD_PKV/ID_FAKE": ["correct", "UNKNOWN", "UNKNOWN"]}, "margins": {"MOD_PKV": -2.625, "NOMEM": -13.949}}
T450 {"case": "t450-test-32:WXA", "target": "UNKNOWN", "cells": {"CONTEXT/R0": ["false_place_Q", "The walnut forge"], "MOD_PKV/R0": ["container_id", "SR-930"], "MOD_PKV/HOP": ["false_place_Q", "The walnut forge", "CP-295"], "MOD_NATIVE/R0": ["container_id", "SR-930"], "MOD_NATIVE/HOP": ["false_place_Q", "The walnut forge", "CP-295"], "NOMEM/R0": ["correct", "UNKNOWN"], "NOMEM/HOP": ["correct", "UNKNOWN", null], "MOD_PKV/ID_ORACLE": ["correct", "UNKNOWN", "UNKNOWN"], "MOD_PKV/ID_DECOY": ["correct", "The walnut forge", "walnut forge"], "MOD_PKV/ID_FAKE": ["correct", "UNKNOWN", "UNKNOWN"]}, "margins": {"MOD_PKV": -0.625, "NOMEM": -13.949}}
T450 {"case": "t450-test-33:AB", "target": "lilac granary", "cells": {"CONTEXT/R0": ["false_unknown", "UNKNOWN"], "MOD_PKV/R0": ["container_id", "Container VB-462"], "MOD_PKV/HOP": ["false_unknown", "UNKNOWN", "VB-462"], "MOD_NATIVE/R0": ["container_id", "Container VB-462"], "MOD_NATIVE/HOP": ["false_unknown", "UNKNOWN", "VB-462"], "NOMEM/R0": ["false_unknown", "UNKNOWN"], "NOMEM/HOP": ["false_unknown", "UNKNOWN", null], "MOD_PKV/ID_ORACLE": ["wrong", "UNKNOWN", "lilac granary"], "MOD_PKV/ID_DECOY": ["correct", "UNKNOWN", "UNKNOWN"], "MOD_PKV/ID_FAKE": ["correct", "UNKNOWN", "UNKNOWN"]}, "margins": {"MOD_PKV": -4.562, "NOMEM": -14.895}}
T450 {"case": "t450-test-33:BA", "target": "lilac granary", "cells": {"CONTEXT/R0": ["false_unknown", "UNKNOWN"], "MOD_PKV/R0": ["container_id", "Container VB-462"], "MOD_PKV/HOP": ["false_unknown", "UNKNOWN", "VB-462"], "MOD_NATIVE/R0": ["container_id", "Container VB-462"], "MOD_NATIVE/HOP": ["false_unknown", "UNKNOWN", "VB-462"], "NOMEM/R0": ["false_unknown", "UNKNOWN"], "NOMEM/HOP": ["false_unknown", "UNKNOWN", null], "MOD_PKV/ID_ORACLE": ["wrong", "UNKNOWN", "lilac granary"], "MOD_PKV/ID_DECOY": ["correct", "UNKNOWN", "UNKNOWN"], "MOD_PKV/ID_FAKE": ["correct", "UNKNOWN", "UNKNOWN"]}, "margins": {"MOD_PKV": -4.0, "NOMEM": -14.895}}
T450 {"case": "t450-test-33:AXB", "target": "lilac granary", "cells": {"CONTEXT/R0": ["false_unknown", "UNKNOWN"], "MOD_PKV/R0": ["false_unknown", "UNKNOWN"], "MOD_PKV/HOP": ["correct", "The lilac granary", "WB-736"], "MOD_NATIVE/R0": ["false_unknown", "UNKNOWN"], "MOD_NATIVE/HOP": ["false_unknown", "UNKNOWN", "WB-462"], "NOMEM/R0": ["false_unknown", "UNKNOWN"], "NOMEM/HOP": ["false_unknown", "UNKNOWN", null], "MOD_PKV/ID_ORACLE": ["correct", "The lilac granary", "lilac granary"], "MOD_PKV/ID_DECOY": ["wrong", "The lilac granary", "indigo cloister"], "MOD_PKV/ID_FAKE": ["correct", "UNKNOWN", "UNKNOWN"]}, "margins": {"MOD_PKV": -8.562, "NOMEM": -14.863}}
T450 {"case": "t450-test-33:BXA", "target": "lilac granary", "cells": {"CONTEXT/R0": ["correct", "The lilac granary"], "MOD_PKV/R0": ["container_id", "Container VB-462"], "MOD_PKV/HOP": ["other_wrong", "The lilac cloister", "VB-462"], "MOD_NATIVE/R0": ["container_id", "Container VB-462"], "MOD_NATIVE/HOP": ["false_unknown", "UNKNOWN", "VB-462"], "NOMEM/R0": ["false_unknown", "UNKNOWN"], "NOMEM/HOP": ["false_unknown", "UNKNOWN", null], "MOD_PKV/ID_ORACLE": ["wrong", "The lilac cloister", "lilac granary"], "MOD_PKV/ID_DECOY": ["wrong", "UNKNOWN", "indigo cloister"], "MOD_PKV/ID_FAKE": ["correct", "UNKNOWN", "UNKNOWN"]}, "margins": {"MOD_PKV": -5.312, "NOMEM": -14.863}}
T450 {"case": "t450-test-33:AX", "target": "UNKNOWN", "cells": {"CONTEXT/R0": ["correct", "UNKNOWN"], "MOD_PKV/R0": ["correct", "UNKNOWN"], "MOD_PKV/HOP": ["correct", "UNKNOWN", "WB-736"], "MOD_NATIVE/R0": ["correct", "UNKNOWN"], "MOD_NATIVE/HOP": ["correct", "UNKNOWN", "WB-736"], "NOMEM/R0": ["correct", "UNKNOWN"], "NOMEM/HOP": ["correct", "UNKNOWN", null], "MOD_PKV/ID_ORACLE": ["correct", "UNKNOWN", "UNKNOWN"], "MOD_PKV/ID_DECOY": ["wrong", "UNKNOWN", "indigo cloister"], "MOD_PKV/ID_FAKE": ["correct", "UNKNOWN", "UNKNOWN"]}, "margins": {"MOD_PKV": -20.479, "NOMEM": -14.895}}
T450 {"case": "t450-test-33:XA", "target": "UNKNOWN", "cells": {"CONTEXT/R0": ["correct", "UNKNOWN"], "MOD_PKV/R0": ["container_id", "Container VB-462"], "MOD_PKV/HOP": ["correct", "UNKNOWN", "WB-736"], "MOD_NATIVE/R0": ["container_id", "Container VB-462"], "MOD_NATIVE/HOP": ["correct", "UNKNOWN", "WB-736"], "NOMEM/R0": ["correct", "UNKNOWN"], "NOMEM/HOP": ["correct", "UNKNOWN", null], "MOD_PKV/ID_ORACLE": ["correct", "UNKNOWN", "UNKNOWN"], "MOD_PKV/ID_DECOY": ["wrong", "UNKNOWN", "indigo cloister"], "MOD_PKV/ID_FAKE": ["correct", "UNKNOWN", "UNKNOWN"]}, "margins": {"MOD_PKV": -20.156, "NOMEM": -14.895}}
T450 {"case": "t450-test-33:AXW", "target": "UNKNOWN", "cells": {"CONTEXT/R0": ["correct", "UNKNOWN"], "MOD_PKV/R0": ["correct", "UNKNOWN"], "MOD_PKV/HOP": ["false_place_P", "The lilac granary", "WB-736"], "MOD_NATIVE/R0": ["correct", "UNKNOWN"], "MOD_NATIVE/HOP": ["false_place_P", "The lilac granary", "WB-736"], "NOMEM/R0": ["correct", "UNKNOWN"], "NOMEM/HOP": ["correct", "UNKNOWN", null], "MOD_PKV/ID_ORACLE": ["correct", "UNKNOWN", "UNKNOWN"], "MOD_PKV/ID_DECOY": ["wrong", "The lilac granary", "indigo cloister"], "MOD_PKV/ID_FAKE": ["correct", "UNKNOWN", "UNKNOWN"]}, "margins": {"MOD_PKV": -9.438, "NOMEM": -14.863}}
T450 {"case": "t450-test-33:WXA", "target": "UNKNOWN", "cells": {"CONTEXT/R0": ["false_place_Q", "The indigo cloister houses the etched flute."], "MOD_PKV/R0": ["container_id", "Container WB-736"], "MOD_PKV/HOP": ["correct", "UNKNOWN", "WB-736"], "MOD_NATIVE/R0": ["container_id", "Container WB-736"], "MOD_NATIVE/HOP": ["correct", "UNKNOWN", "WB-736"], "NOMEM/R0": ["correct", "UNKNOWN"], "NOMEM/HOP": ["correct", "UNKNOWN", null], "MOD_PKV/ID_ORACLE": ["correct", "UNKNOWN", "UNKNOWN"], "MOD_PKV/ID_DECOY": ["wrong", "UNKNOWN", "indigo cloister"], "MOD_PKV/ID_FAKE": ["correct", "UNKNOWN", "UNKNOWN"]}, "margins": {"MOD_PKV": -5.75, "NOMEM": -14.863}}
T450 {"case": "t450-test-34:AB", "target": "lilac forge", "cells": {"CONTEXT/R0": ["correct", "Lilac forge"], "MOD_PKV/R0": ["correct", "lilac forge"], "MOD_PKV/HOP": ["container_id", "lilac forge The carved chalice sits in the l", "NH-976"], "MOD_NATIVE/R0": ["correct", "lilac forge"], "MOD_NATIVE/HOP": ["container_id", "lilac forge The carved chalice sits in the l", "NH-976"], "NOMEM/R0": ["false_unknown", "UNKNOWN"], "NOMEM/HOP": ["false_unknown", "UNKNOWN", null], "MOD_PKV/ID_ORACLE": ["wrong", "lilac forge The carved chalice sits in the l", "lilac forge"], "MOD_PKV/ID_DECOY": ["correct", "UNKNOWN", "UNKNOWN"], "MOD_PKV/ID_FAKE": ["correct", "UNKNOWN", "UNKNOWN"]}, "margins": {"MOD_PKV": 7.125, "NOMEM": -15.586}}
T450 {"case": "t450-test-34:BA", "target": "lilac forge", "cells": {"CONTEXT/R0": ["correct", "lilac forge"], "MOD_PKV/R0": ["correct", "lilac forge"], "MOD_PKV/HOP": ["correct", "lilac forge. The carved chalice sits in cont", "NH-976"], "MOD_NATIVE/R0": ["correct", "lilac forge"], "MOD_NATIVE/HOP": ["correct", "lilac forge. The carved chalice sits in cont", "NH-976"], "NOMEM/R0": ["false_unknown", "UNKNOWN"], "NOMEM/HOP": ["false_unknown", "UNKNOWN", null], "MOD_PKV/ID_ORACLE": ["correct", "lilac forge. The carved chalice sits in cont", "lilac forge"], "MOD_PKV/ID_DECOY": ["correct", "UNKNOWN", "UNKNOWN"], "MOD_PKV/ID_FAKE": ["correct", "UNKNOWN", "UNKNOWN"]}, "margins": {"MOD_PKV": 8.125, "NOMEM": -15.586}}
T450 {"case": "t450-test-34:AXB", "target": "lilac forge", "cells": {"CONTEXT/R0": ["correct", "lilac forge"], "MOD_PKV/R0": ["correct", "lilac forge"], "MOD_PKV/HOP": ["correct", "lilac forge", "NH-976"], "MOD_NATIVE/R0": ["correct", "lilac forge"], "MOD_NATIVE/HOP": ["correct", "lilac forge", "NH-976"], "NOMEM/R0": ["false_unknown", "UNKNOWN"], "NOMEM/HOP": ["false_unknown", "UNKNOWN", null], "MOD_PKV/ID_ORACLE": ["correct", "lilac forge", "lilac forge"], "MOD_PKV/ID_DECOY": ["wrong", "lilac forge", "pewter boathouse"], "MOD_PKV/ID_FAKE": ["correct", "UNKNOWN", "UNKNOWN"]}, "margins": {"MOD_PKV": 7.562, "NOMEM": -16.367}}
T450 {"case": "t450-test-34:BXA", "target": "lilac forge", "cells": {"CONTEXT/R0": ["correct", "lilac forge"], "MOD_PKV/R0": ["correct", "lilac forge"], "MOD_PKV/HOP": ["correct", "lilac forge. The carved chalice sits in the ", "NH-976"], "MOD_NATIVE/R0": ["correct", "lilac forge"], "MOD_NATIVE/HOP": ["correct", "lilac forge. The carved chalice sits in the ", "NH-976"], "NOMEM/R0": ["false_unknown", "UNKNOWN"], "NOMEM/HOP": ["false_unknown", "UNKNOWN", null], "MOD_PKV/ID_ORACLE": ["correct", "lilac forge. The carved chalice sits in the ", "lilac forge"], "MOD_PKV/ID_DECOY": ["wrong", "lilac forge", "pewter boathouse"], "MOD_PKV/ID_FAKE": ["correct", "UNKNOWN", "UNKNOWN"]}, "margins": {"MOD_PKV": 7.062, "NOMEM": -16.367}}
T450 {"case": "t450-test-34:AX", "target": "UNKNOWN", "cells": {"CONTEXT/R0": ["review", "UNKNOWN The location of the carved chalice i"], "MOD_PKV/R0": ["false_place_Q", "pewter boathouse"], "MOD_PKV/HOP": ["false_place_Q", "pewter boathouse The carved chalice sits in ", "NH-976"], "MOD_NATIVE/R0": ["false_place_Q", "pewter boathouse"], "MOD_NATIVE/HOP": ["false_place_Q", "pewter boathouse The carved chalice sits in ", "NH-976"], "NOMEM/R0": ["correct", "UNKNOWN"], "NOMEM/HOP": ["correct", "UNKNOWN", null], "MOD_PKV/ID_ORACLE": ["wrong", "pewter boathouse The carved chalice sits in ", "UNKNOWN"], "MOD_PKV/ID_DECOY": ["correct", "pewter boathouse The carved chalice sits in ", "pewter boathouse"], "MOD_PKV/ID_FAKE": ["correct", "UNKNOWN", "UNKNOWN"]}, "margins": {"MOD_PKV": -14.883, "NOMEM": -15.562}}
T450 {"case": "t450-test-34:XA", "target": "UNKNOWN", "cells": {"CONTEXT/R0": ["false_place_Q", "pewter boathouse"], "MOD_PKV/R0": ["false_place_Q", "pewter boathouse"], "MOD_PKV/HOP": ["false_place_Q", "pewter boathouse The carved chalice sits in ", "NH-976"], "MOD_NATIVE/R0": ["false_place_Q", "pewter boathouse"], "MOD_NATIVE/HOP": ["false_place_Q", "pewter boathouse The carved chalice sits in ", "NH-976"], "NOMEM/R0": ["correct", "UNKNOWN"], "NOMEM/HOP": ["correct", "UNKNOWN", null], "MOD_PKV/ID_ORACLE": ["wrong", "pewter boathouse The carved chalice sits in ", "UNKNOWN"], "MOD_PKV/ID_DECOY": ["wrong", "pewter boathouse The carved chalice sits in ", "pewter boathouse"], "MOD_PKV/ID_FAKE": ["correct", "UNKNOWN", "UNKNOWN"]}, "margins": {"MOD_PKV": -13.977, "NOMEM": -15.562}}
T450 {"case": "t450-test-34:AXW", "target": "UNKNOWN", "cells": {"CONTEXT/R0": ["correct", "UNKNOWN"], "MOD_PKV/R0": ["false_place_P", "lilac forge"], "MOD_PKV/HOP": ["false_place_P", "lilac forge.", "NH-976"], "MOD_NATIVE/R0": ["false_place_P", "lilac forge"], "MOD_NATIVE/HOP": ["false_place_P", "lilac forge.", "NH-976"], "NOMEM/R0": ["correct", "UNKNOWN"], "NOMEM/HOP": ["correct", "UNKNOWN", null], "MOD_PKV/ID_ORACLE": ["wrong", "lilac forge.", "UNKNOWN"], "MOD_PKV/ID_DECOY": ["wrong", "lilac forge", "pewter boathouse"], "MOD_PKV/ID_FAKE": ["correct", "UNKNOWN", "UNKNOWN"]}, "margins": {"MOD_PKV": 8.312, "NOMEM": -16.367}}
T450 {"case": "t450-test-34:WXA", "target": "UNKNOWN", "cells": {"CONTEXT/R0": ["correct", "UNKNOWN"], "MOD_PKV/R0": ["false_place_P", "lilac forge"], "MOD_PKV/HOP": ["false_place_P", "lilac forge.", "NH-976"], "MOD_NATIVE/R0": ["false_place_P", "lilac forge"], "MOD_NATIVE/HOP": ["review", "lilac forge. The carved chalice is located a", "NH-976"], "NOMEM/R0": ["correct", "UNKNOWN"], "NOMEM/HOP": ["correct", "UNKNOWN", null], "MOD_PKV/ID_ORACLE": ["wrong", "lilac forge.", "UNKNOWN"], "MOD_PKV/ID_DECOY": ["wrong", "lilac forge", "pewter boathouse"], "MOD_PKV/ID_FAKE": ["correct", "UNKNOWN", "UNKNOWN"]}, "margins": {"MOD_PKV": 7.812, "NOMEM": -16.367}}
T450 {"case": "t450-test-35:AB", "target": "saffron boathouse", "cells": {"CONTEXT/R0": ["container_id", "saffron boathouse The engraved flute is in c"], "MOD_PKV/R0": ["container_id", "ZM-821 container at the saffron boathouse."], "MOD_PKV/HOP": ["container_id", "saffron boathouse The saffron boathouse is t", "ZM-821"], "MOD_NATIVE/R0": ["container_id", "ZM-821 container at the saffron boathouse."], "MOD_NATIVE/HOP": ["container_id", "saffron boathouse The saffron boathouse is t", "ZM-821"], "NOMEM/R0": ["false_unknown", "UNKNOWN"], "NOMEM/HOP": ["false_unknown", "UNKNOWN", null], "MOD_PKV/ID_ORACLE": ["wrong", "saffron boathouse The saffron boathouse is t", "saffron boathouse"], "MOD_PKV/ID_DECOY": ["correct", "UNKNOWN", "UNKNOWN"], "MOD_PKV/ID_FAKE": ["correct", "UNKNOWN", "UNKNOWN"]}, "margins": {"MOD_PKV": -0.25, "NOMEM": -13.812}}
T450 {"case": "t450-test-35:BA", "target": "saffron boathouse", "cells": {"CONTEXT/R0": ["false_unknown", "UNKNOWN"], "MOD_PKV/R0": ["correct", "The saffron boathouse."], "MOD_PKV/HOP": ["container_id", "saffron boathouse The saffron boathouse is t", "ZM-821"], "MOD_NATIVE/R0": ["correct", "The saffron boathouse."], "MOD_NATIVE/HOP": ["container_id", "saffron boathouse The saffron boathouse is t", "ZM-821"], "NOMEM/R0": ["false_unknown", "UNKNOWN"], "NOMEM/HOP": ["false_unknown", "UNKNOWN", null], "MOD_PKV/ID_ORACLE": ["wrong", "saffron boathouse The saffron boathouse is t", "saffron boathouse"], "MOD_PKV/ID_DECOY": ["correct", "UNKNOWN", "UNKNOWN"], "MOD_PKV/ID_FAKE": ["correct", "UNKNOWN", "UNKNOWN"]}, "margins": {"MOD_PKV": -0.25, "NOMEM": -13.812}}
T450 {"case": "t450-test-35:AXB", "target": "saffron boathouse", "cells": {"CONTEXT/R0": ["correct", "saffron boathouse"], "MOD_PKV/R0": ["correct", "The saffron boathouse."], "MOD_PKV/HOP": ["correct", "saffron boathouse", "ZM-821"], "MOD_NATIVE/R0": ["decoy_place_Q", "The umber terrace."], "MOD_NATIVE/HOP": ["correct", "saffron boathouse", "ZM-821"], "NOMEM/R0": ["false_unknown", "UNKNOWN"], "NOMEM/HOP": ["false_unknown", "UNKNOWN", null], "MOD_PKV/ID_ORACLE": ["correct", "saffron boathouse", "saffron boathouse"], "MOD_PKV/ID_DECOY": ["wrong", "saffron boathouse The saffron boathouse is t", "umber terrace"], "MOD_PKV/ID_FAKE": ["correct", "UNKNOWN", "UNKNOWN"]}, "margins": {"MOD_PKV": -0.5, "NOMEM": -14.195}}
T450 {"case": "t450-test-35:BXA", "target": "saffron boathouse", "cells": {"CONTEXT/R0": ["correct", "The saffron boathouse."], "MOD_PKV/R0": ["decoy_place_Q", "The umber terrace."], "MOD_PKV/HOP": ["container_id", "saffron boathouse The saffron boathouse is t", "ZM-821"], "MOD_NATIVE/R0": ["decoy_place_Q", "The umber terrace."], "MOD_NATIVE/HOP": ["container_id", "saffron boathouse The saffron boathouse is t", "ZM-821"], "NOMEM/R0": ["false_unknown", "UNKNOWN"], "NOMEM/HOP": ["false_unknown", "UNKNOWN", null], "MOD_PKV/ID_ORACLE": ["wrong", "saffron boathouse The saffron boathouse is t", "saffron boathouse"], "MOD_PKV/ID_DECOY": ["correct", "umber terrace. The engraved flute sits in th", "umber terrace"], "MOD_PKV/ID_FAKE": ["correct", "UNKNOWN", "UNKNOWN"]}, "margins": {"MOD_PKV": -1.125, "NOMEM": -14.195}}
T450 {"case": "t450-test-35:AX", "target": "UNKNOWN", "cells": {"CONTEXT/R0": ["container_id", "ZM-821"], "MOD_PKV/R0": ["container_id", "Container ZM-821."], "MOD_PKV/HOP": ["false_place_Q", "UMBER TERRACE", "ZM-821"], "MOD_NATIVE/R0": ["container_id", "Container ZM-821."], "MOD_NATIVE/HOP": ["false_place_Q", "UMBER TERRACE", "ZM-821"], "NOMEM/R0": ["correct", "UNKNOWN"], "NOMEM/HOP": ["correct", "UNKNOWN", null], "MOD_PKV/ID_ORACLE": ["wrong", "UMBER TERRACE", "UNKNOWN"], "MOD_PKV/ID_DECOY": ["correct", "umber terrace", "umber terrace"], "MOD_PKV/ID_FAKE": ["correct", "UNKNOWN", "UNKNOWN"]}, "margins": {"MOD_PKV": -18.359, "NOMEM": -13.82}}
T450 {"case": "t450-test-35:XA", "target": "UNKNOWN", "cells": {"CONTEXT/R0": ["correct", "UNKNOWN"], "MOD_PKV/R0": ["false_place_Q", "The umber terrace."], "MOD_PKV/HOP": ["false_place_Q", "UMBER TERRACE", "ZM-821"], "MOD_NATIVE/R0": ["false_place_Q", "The umber terrace."], "MOD_NATIVE/HOP": ["false_place_Q", "UMBER TERRACE", "ZM-821"], "NOMEM/R0": ["correct", "UNKNOWN"], "NOMEM/HOP": ["correct", "UNKNOWN", null], "MOD_PKV/ID_ORACLE": ["wrong", "UMBER TERRACE", "UNKNOWN"], "MOD_PKV/ID_DECOY": ["correct", "umber terrace", "umber terrace"], "MOD_PKV/ID_FAKE": ["correct", "UNKNOWN", "UNKNOWN"]}, "margins": {"MOD_PKV": -18.594, "NOMEM": -13.82}}
T450 {"case": "t450-test-35:AXW", "target": "UNKNOWN", "cells": {"CONTEXT/R0": ["correct", "UNKNOWN"], "MOD_PKV/R0": ["false_place_P", "the saffron boathouse."], "MOD_PKV/HOP": ["false_place_P", "saffron boathouse", "ZM-821"], "MOD_NATIVE/R0": ["false_place_P", "the saffron boathouse."], "MOD_NATIVE/HOP": ["false_place_P", "saffron boathouse", "ZM-821"], "NOMEM/R0": ["correct", "UNKNOWN"], "NOMEM/HOP": ["correct", "UNKNOWN", null], "MOD_PKV/ID_ORACLE": ["wrong", "saffron boathouse", "UNKNOWN"], "MOD_PKV/ID_DECOY": ["wrong", "saffron boathouse", "umber terrace"], "MOD_PKV/ID_FAKE": ["correct", "UNKNOWN", "UNKNOWN"]}, "margins": {"MOD_PKV": 1.125, "NOMEM": -14.211}}
T450 {"case": "t450-test-35:WXA", "target": "UNKNOWN", "cells": {"CONTEXT/R0": ["container_id", "Container ZM-821"], "MOD_PKV/R0": ["false_place_Q", "The umber terrace."], "MOD_PKV/HOP": ["false_place_Q", "umber terrace", "ZM-821"], "MOD_NATIVE/R0": ["false_place_Q", "The umber terrace."], "MOD_NATIVE/HOP": ["false_place_Q", "umber terrace", "ZM-821"], "NOMEM/R0": ["correct", "UNKNOWN"], "NOMEM/HOP": ["correct", "UNKNOWN", null], "MOD_PKV/ID_ORACLE": ["wrong", "umber terrace", "UNKNOWN"], "MOD_PKV/ID_DECOY": ["wrong", "saffron boathouse The container HV-346 is lo", "umber terrace"], "MOD_PKV/ID_FAKE": ["correct", "UNKNOWN", "UNKNOWN"]}, "margins": {"MOD_PKV": -0.375, "NOMEM": -14.211}}
T450 {"case": "t450-test-36:AB", "target": "indigo boathouse", "cells": {"CONTEXT/R0": ["false_unknown", "UNKNOWN"], "MOD_PKV/R0": ["container_id", "Container HN-579"], "MOD_PKV/HOP": ["false_unknown", "UNKNOWN", "HN-579"], "MOD_NATIVE/R0": ["container_id", "Container HN-579"], "MOD_NATIVE/HOP": ["false_unknown", "UNKNOWN", "HN-579"], "NOMEM/R0": ["false_unknown", "UNKNOWN"], "NOMEM/HOP": ["false_unknown", "UNKNOWN", null], "MOD_PKV/ID_ORACLE": ["wrong", "UNKNOWN", "indigo boathouse"], "MOD_PKV/ID_DECOY": ["correct", "UNKNOWN", "UNKNOWN"], "MOD_PKV/ID_FAKE": ["correct", "UNKNOWN", "UNKNOWN"]}, "margins": {"MOD_PKV": -9.375, "NOMEM": -12.375}}
T450 {"case": "t450-test-36:BA", "target": "indigo boathouse", "cells": {"CONTEXT/R0": ["correct", "The indigo boathouse"], "MOD_PKV/R0": ["container_id", "Container HN-579"], "MOD_PKV/HOP": ["false_unknown", "UNKNOWN", "HN-579"], "MOD_NATIVE/R0": ["container_id", "Container HN-579"], "MOD_NATIVE/HOP": ["false_unknown", "UNKNOWN", "HN-579"], "NOMEM/R0": ["false_unknown", "UNKNOWN"], "NOMEM/HOP": ["false_unknown", "UNKNOWN", null], "MOD_PKV/ID_ORACLE": ["wrong", "UNKNOWN", "indigo boathouse"], "MOD_PKV/ID_DECOY": ["correct", "UNKNOWN", "UNKNOWN"], "MOD_PKV/ID_FAKE": ["correct", "UNKNOWN", "UNKNOWN"]}, "margins": {"MOD_PKV": -8.688, "NOMEM": -12.375}}
T450 {"case": "t450-test-36:AXB", "target": "indigo boathouse", "cells": {"CONTEXT/R0": ["container_id", "Container HN-579"], "MOD_PKV/R0": ["container_id", "Container FC-132"], "MOD_PKV/HOP": ["false_unknown", "UNKNOWN", "HN-579"], "MOD_NATIVE/R0": ["container_id", "Container FC-132"], "MOD_NATIVE/HOP": ["false_unknown", "UNKNOWN", "HN-579"], "NOMEM/R0": ["false_unknown", "UNKNOWN"], "NOMEM/HOP": ["false_unknown", "UNKNOWN", null], "MOD_PKV/ID_ORACLE": ["wrong", "UNKNOWN", "indigo boathouse"], "MOD_PKV/ID_DECOY": ["wrong", "UNKNOWN", "pewter forge"], "MOD_PKV/ID_FAKE": ["correct", "UNKNOWN", "UNKNOWN"]}, "margins": {"MOD_PKV": -10.062, "NOMEM": -12.922}}
T450 {"case": "t450-test-36:BXA", "target": "indigo boathouse", "cells": {"CONTEXT/R0": ["correct", "The indigo boathouse"], "MOD_PKV/R0": ["container_id", "Container HN-579"], "MOD_PKV/HOP": ["false_unknown", "UNKNOWN", "HN-579"], "MOD_NATIVE/R0": ["container_id", "Container HN-579"], "MOD_NATIVE/HOP": ["false_unknown", "UNKNOWN", "HN-579"], "NOMEM/R0": ["false_unknown", "UNKNOWN"], "NOMEM/HOP": ["false_unknown", "UNKNOWN", null], "MOD_PKV/ID_ORACLE": ["wrong", "UNKNOWN", "indigo boathouse"], "MOD_PKV/ID_DECOY": ["wrong", "UNKNOWN", "pewter forge"], "MOD_PKV/ID_FAKE": ["correct", "UNKNOWN", "UNKNOWN"]}, "margins": {"MOD_PKV": -9.875, "NOMEM": -12.922}}
T450 {"case": "t450-test-36:AX", "target": "UNKNOWN", "cells": {"CONTEXT/R0": ["container_id", "Container HN-579"], "MOD_PKV/R0": ["container_id", "Container FC-132"], "MOD_PKV/HOP": ["correct", "UNKNOWN", "FC-132"], "MOD_NATIVE/R0": ["container_id", "Container FC-132 UNKNOWN"], "MOD_NATIVE/HOP": ["correct", "UNKNOWN", "FC-132"], "NOMEM/R0": ["correct", "UNKNOWN"], "NOMEM/HOP": ["correct", "UNKNOWN", null], "MOD_PKV/ID_ORACLE": ["correct", "UNKNOWN", "UNKNOWN"], "MOD_PKV/ID_DECOY": ["wrong", "UNKNOWN", "pewter forge"], "MOD_PKV/ID_FAKE": ["correct", "UNKNOWN", "UNKNOWN"]}, "margins": {"MOD_PKV": -20.855, "NOMEM": -12.594}}
T450 {"case": "t450-test-36:XA", "target": "UNKNOWN", "cells": {"CONTEXT/R0": ["container_id", "Container HN-579"], "MOD_PKV/R0": ["container_id", "Container FC-132"], "MOD_PKV/HOP": ["correct", "UNKNOWN", "FC-132"], "MOD_NATIVE/R0": ["container_id", "Container FC-132 UNKNOWN"], "MOD_NATIVE/HOP": ["correct", "UNKNOWN", "FC-132"], "NOMEM/R0": ["correct", "UNKNOWN"], "NOMEM/HOP": ["correct", "UNKNOWN", null], "MOD_PKV/ID_ORACLE": ["correct", "UNKNOWN", "UNKNOWN"], "MOD_PKV/ID_DECOY": ["wrong", "UNKNOWN", "pewter forge"], "MOD_PKV/ID_FAKE": ["correct", "UNKNOWN", "UNKNOWN"]}, "margins": {"MOD_PKV": -20.758, "NOMEM": -12.594}}
T450 {"case": "t450-test-36:AXW", "target": "UNKNOWN", "cells": {"CONTEXT/R0": ["container_id", "Container HN-579"], "MOD_PKV/R0": ["container_id", "Container FC-108 UNKNOWN Container VX-108 UN"], "MOD_PKV/HOP": ["false_place_P", "The indigo boathouse", "FC-132"], "MOD_NATIVE/R0": ["container_id", "Container FC-108 UNKNOWN Container VX-108 UN"], "MOD_NATIVE/HOP": ["false_place_P", "The indigo boathouse", "FC-132"], "NOMEM/R0": ["correct", "UNKNOWN"], "NOMEM/HOP": ["correct", "UNKNOWN", null], "MOD_PKV/ID_ORACLE": ["correct", "UNKNOWN", "UNKNOWN"], "MOD_PKV/ID_DECOY": ["wrong", "The indigo boathouse", "pewter forge"], "MOD_PKV/ID_FAKE": ["correct", "UNKNOWN", "UNKNOWN"]}, "margins": {"MOD_PKV": -10.875, "NOMEM": -12.906}}
T450 {"case": "t450-test-36:WXA", "target": "UNKNOWN", "cells": {"CONTEXT/R0": ["container_id", "The braided locket is in container HN-579. I"], "MOD_PKV/R0": ["container_id", "Container FC-132"], "MOD_PKV/HOP": ["container_id", "HN-579", "FC-132"], "MOD_NATIVE/R0": ["container_id", "Container FC-132"], "MOD_NATIVE/HOP": ["correct", "UNKNOWN", "FC-132"], "NOMEM/R0": ["correct", "UNKNOWN"], "NOMEM/HOP": ["correct", "UNKNOWN", null], "MOD_PKV/ID_ORACLE": ["correct", "UNKNOWN", "UNKNOWN"], "MOD_PKV/ID_DECOY": ["wrong", "HN-579", "pewter forge"], "MOD_PKV/ID_FAKE": ["correct", "UNKNOWN", "UNKNOWN"]}, "margins": {"MOD_PKV": -8.938, "NOMEM": -12.906}}
T450 {"case": "t450-test-37:AB", "target": "juniper stable", "cells": {"CONTEXT/R0": ["correct", "The juniper stable"], "MOD_PKV/R0": ["container_id", "WP-253"], "MOD_PKV/HOP": ["false_unknown", "UNKNOWN", "WP-253"], "MOD_NATIVE/R0": ["container_id", "WP-253"], "MOD_NATIVE/HOP": ["false_unknown", "UNKNOWN", "WP-253"], "NOMEM/R0": ["false_unknown", "UNKNOWN"], "NOMEM/HOP": ["false_unknown", "UNKNOWN", null], "MOD_PKV/ID_ORACLE": ["wrong", "UNKNOWN", "juniper stable"], "MOD_PKV/ID_DECOY": ["correct", "UNKNOWN", "UNKNOWN"], "MOD_PKV/ID_FAKE": ["correct", "UNKNOWN", "UNKNOWN"]}, "margins": {"MOD_PKV": -2.188, "NOMEM": -19.594}}
T450 {"case": "t450-test-37:BA", "target": "juniper stable", "cells": {"CONTEXT/R0": ["correct", "The juniper stable"], "MOD_PKV/R0": ["container_id", "WP-253"], "MOD_PKV/HOP": ["false_unknown", "UNKNOWN", "WP-253"], "MOD_NATIVE/R0": ["container_id", "WP-253"], "MOD_NATIVE/HOP": ["false_unknown", "UNKNOWN", "WP-253"], "NOMEM/R0": ["false_unknown", "UNKNOWN"], "NOMEM/HOP": ["false_unknown", "UNKNOWN", null], "MOD_PKV/ID_ORACLE": ["wrong", "UNKNOWN", "juniper stable"], "MOD_PKV/ID_DECOY": ["correct", "UNKNOWN", "UNKNOWN"], "MOD_PKV/ID_FAKE": ["correct", "UNKNOWN", "UNKNOWN"]}, "margins": {"MOD_PKV": 0.0, "NOMEM": -19.594}}
T450 {"case": "t450-test-37:AXB", "target": "juniper stable", "cells": {"CONTEXT/R0": ["false_unknown", "UNKNOWN"], "MOD_PKV/R0": ["correct", "The juniper stable"], "MOD_PKV/HOP": ["decoy_place_Q", "The saffron rotunda.", "TK-163"], "MOD_NATIVE/R0": ["correct", "The juniper stable"], "MOD_NATIVE/HOP": ["decoy_place_Q", "The saffron rotunda.", "TK-163"], "NOMEM/R0": ["false_unknown", "UNKNOWN"], "NOMEM/HOP": ["false_unknown", "UNKNOWN", null], "MOD_PKV/ID_ORACLE": ["wrong", "The saffron rotunda", "juniper stable"], "MOD_PKV/ID_DECOY": ["correct", "The saffron rotunda.", "saffron rotunda"], "MOD_PKV/ID_FAKE": ["correct", "UNKNOWN", "UNKNOWN"]}, "margins": {"MOD_PKV": -7.125, "NOMEM": -19.531}}
T450 {"case": "t450-test-37:BXA", "target": "juniper stable", "cells": {"CONTEXT/R0": ["correct", "The juniper stable"], "MOD_PKV/R0": ["container_id", "WP-253"], "MOD_PKV/HOP": ["decoy_place_Q", "The saffron rotunda", "TK-163"], "MOD_NATIVE/R0": ["container_id", "WP-253"], "MOD_NATIVE/HOP": ["decoy_place_Q", "The saffron rotunda", "TK-163"], "NOMEM/R0": ["false_unknown", "UNKNOWN"], "NOMEM/HOP": ["false_unknown", "UNKNOWN", null], "MOD_PKV/ID_ORACLE": ["wrong", "UNKNOWN", "juniper stable"], "MOD_PKV/ID_DECOY": ["correct", "The saffron rotunda", "saffron rotunda"], "MOD_PKV/ID_FAKE": ["correct", "UNKNOWN", "UNKNOWN"]}, "margins": {"MOD_PKV": -2.938, "NOMEM": -19.531}}
T450 {"case": "t450-test-37:AX", "target": "UNKNOWN", "cells": {"CONTEXT/R0": ["correct", "UNKNOWN"], "MOD_PKV/R0": ["container_id", "Container WP-253"], "MOD_PKV/HOP": ["container_id", "WP-253", "TK-163"], "MOD_NATIVE/R0": ["container_id", "Container WP-253"], "MOD_NATIVE/HOP": ["container_id", "WP-253", "TK-163"], "NOMEM/R0": ["correct", "UNKNOWN"], "NOMEM/HOP": ["correct", "UNKNOWN", null], "MOD_PKV/ID_ORACLE": ["correct", "UNKNOWN", "UNKNOWN"], "MOD_PKV/ID_DECOY": ["wrong", "WP-253", "saffron rotunda"], "MOD_PKV/ID_FAKE": ["correct", "UNKNOWN", "UNKNOWN"]}, "margins": {"MOD_PKV": -18.344, "NOMEM": -19.484}}
T450 {"case": "t450-test-37:XA", "target": "UNKNOWN", "cells": {"CONTEXT/R0": ["false_place_Q", "The saffron rotunda"], "MOD_PKV/R0": ["container_id", "WP-253"], "MOD_PKV/HOP": ["container_id", "WP-253", "TK-163"], "MOD_NATIVE/R0": ["container_id", "WP-253"], "MOD_NATIVE/HOP": ["container_id", "WP-253", "TK-163"], "NOMEM/R0": ["correct", "UNKNOWN"], "NOMEM/HOP": ["correct", "UNKNOWN", null], "MOD_PKV/ID_ORACLE": ["correct", "UNKNOWN", "UNKNOWN"], "MOD_PKV/ID_DECOY": ["wrong", "WP-253", "saffron rotunda"], "MOD_PKV/ID_FAKE": ["correct", "UNKNOWN", "UNKNOWN"]}, "margins": {"MOD_PKV": -15.891, "NOMEM": -19.484}}
T450 {"case": "t450-test-37:AXW", "target": "UNKNOWN", "cells": {"CONTEXT/R0": ["correct", "UNKNOWN"], "MOD_PKV/R0": ["false_place_P", "The juniper stable"], "MOD_PKV/HOP": ["false_place_Q", "The saffron rotunda", "TK-163"], "MOD_NATIVE/R0": ["false_place_P", "The juniper stable"], "MOD_NATIVE/HOP": ["false_place_Q", "The saffron rotunda", "TK-163"], "NOMEM/R0": ["correct", "UNKNOWN"], "NOMEM/HOP": ["correct", "UNKNOWN", null], "MOD_PKV/ID_ORACLE": ["correct", "UNKNOWN", "UNKNOWN"], "MOD_PKV/ID_DECOY": ["correct", "The saffron rotunda", "saffron rotunda"], "MOD_PKV/ID_FAKE": ["correct", "UNKNOWN", "UNKNOWN"]}, "margins": {"MOD_PKV": -8.188, "NOMEM": -19.531}}
T450 {"case": "t450-test-37:WXA", "target": "UNKNOWN", "cells": {"CONTEXT/R0": ["false_place_Q", "The saffron rotunda"], "MOD_PKV/R0": ["container_id", "WP-253"], "MOD_PKV/HOP": ["false_place_Q", "The saffron rotunda", "TK-163"], "MOD_NATIVE/R0": ["container_id", "WP-253"], "MOD_NATIVE/HOP": ["false_place_Q", "The saffron rotunda", "TK-163"], "NOMEM/R0": ["correct", "UNKNOWN"], "NOMEM/HOP": ["correct", "UNKNOWN", null], "MOD_PKV/ID_ORACLE": ["correct", "UNKNOWN", "UNKNOWN"], "MOD_PKV/ID_DECOY": ["correct", "The saffron rotunda", "saffron rotunda"], "MOD_PKV/ID_FAKE": ["correct", "UNKNOWN", "UNKNOWN"]}, "margins": {"MOD_PKV": -3.25, "NOMEM": -19.531}}
T450 {"case": "t450-test-38:AB", "target": "pewter atrium", "cells": {"CONTEXT/R0": ["correct", "pewter atrium"], "MOD_PKV/R0": ["correct", "pewter atrium"], "MOD_PKV/HOP": ["correct", "pewter atrium", "HH-647"], "MOD_NATIVE/R0": ["correct", "pewter atrium"], "MOD_NATIVE/HOP": ["correct", "pewter atrium", "HH-647"], "NOMEM/R0": ["false_unknown", "UNKNOWN"], "NOMEM/HOP": ["false_unknown", "UNKNOWN", null], "MOD_PKV/ID_ORACLE": ["correct", "pewter atrium", "pewter atrium"], "MOD_PKV/ID_DECOY": ["correct", "UNKNOWN", "UNKNOWN"], "MOD_PKV/ID_FAKE": ["correct", "UNKNOWN", "UNKNOWN"]}, "margins": {"MOD_PKV": 6.062, "NOMEM": -20.734}}
T450 {"case": "t450-test-38:BA", "target": "pewter atrium", "cells": {"CONTEXT/R0": ["correct", "The pewter atrium"], "MOD_PKV/R0": ["correct", "pewter atrium"], "MOD_PKV/HOP": ["correct", "pewter atrium", "HH-647"], "MOD_NATIVE/R0": ["correct", "pewter atrium"], "MOD_NATIVE/HOP": ["correct", "pewter atrium", "HH-647"], "NOMEM/R0": ["false_unknown", "UNKNOWN"], "NOMEM/HOP": ["false_unknown", "UNKNOWN", null], "MOD_PKV/ID_ORACLE": ["correct", "pewter atrium", "pewter atrium"], "MOD_PKV/ID_DECOY": ["correct", "UNKNOWN", "UNKNOWN"], "MOD_PKV/ID_FAKE": ["correct", "UNKNOWN", "UNKNOWN"]}, "margins": {"MOD_PKV": 6.688, "NOMEM": -20.734}}
T450 {"case": "t450-test-38:AXB", "target": "pewter atrium", "cells": {"CONTEXT/R0": ["correct", "Pewter atrium"], "MOD_PKV/R0": ["decoy_place_Q", "saffron cloister"], "MOD_PKV/HOP": ["decoy_place_Q", "saffron cloister", "HH-647"], "MOD_NATIVE/R0": ["decoy_place_Q", "saffron cloister"], "MOD_NATIVE/HOP": ["decoy_place_Q", "saffron cloister", "HH-647"], "NOMEM/R0": ["false_unknown", "UNKNOWN"], "NOMEM/HOP": ["false_unknown", "UNKNOWN", null], "MOD_PKV/ID_ORACLE": ["wrong", "saffron cloister", "pewter atrium"], "MOD_PKV/ID_DECOY": ["correct", "saffron cloister", "saffron cloister"], "MOD_PKV/ID_FAKE": ["correct", "UNKNOWN", "UNKNOWN"]}, "margins": {"MOD_PKV": -2.875, "NOMEM": -19.672}}
T450 {"case": "t450-test-38:BXA", "target": "pewter atrium", "cells": {"CONTEXT/R0": ["false_unknown", "UNKNOWN"], "MOD_PKV/R0": ["decoy_place_Q", "saffron cloister"], "MOD_PKV/HOP": ["decoy_place_Q", "saffron cloister The gilded chalice sits in ", "HH-647"], "MOD_NATIVE/R0": ["decoy_place_Q", "saffron cloister"], "MOD_NATIVE/HOP": ["decoy_place_Q", "saffron cloister The gilded chalice sits in ", "HH-647"], "NOMEM/R0": ["false_unknown", "UNKNOWN"], "NOMEM/HOP": ["false_unknown", "UNKNOWN", null], "MOD_PKV/ID_ORACLE": ["wrong", "saffron cloister The gilded chalice sits in ", "pewter atrium"], "MOD_PKV/ID_DECOY": ["correct", "saffron cloister", "saffron cloister"], "MOD_PKV/ID_FAKE": ["correct", "UNKNOWN", "UNKNOWN"]}, "margins": {"MOD_PKV": -3.562, "NOMEM": -19.672}}
T450 {"case": "t450-test-38:AX", "target": "UNKNOWN", "cells": {"CONTEXT/R0": ["correct", "UNKNOWN"], "MOD_PKV/R0": ["false_place_Q", "saffron cloister"], "MOD_PKV/HOP": ["false_place_Q", "saffron cloister The gilded chalice sits in ", "HH-647"], "MOD_NATIVE/R0": ["false_place_Q", "saffron cloister"], "MOD_NATIVE/HOP": ["false_place_Q", "saffron cloister The gilded chalice sits in ", "HH-647"], "NOMEM/R0": ["correct", "UNKNOWN"], "NOMEM/HOP": ["correct", "UNKNOWN", null], "MOD_PKV/ID_ORACLE": ["wrong", "saffron cloister The gilded chalice sits in ", "UNKNOWN"], "MOD_PKV/ID_DECOY": ["wrong", "saffron cloister The gilded chalice sits in ", "saffron cloister"], "MOD_PKV/ID_FAKE": ["correct", "UNKNOWN", "UNKNOWN"]}, "margins": {"MOD_PKV": -18.641, "NOMEM": -20.75}}
T450 {"case": "t450-test-38:XA", "target": "UNKNOWN", "cells": {"CONTEXT/R0": ["correct", "UNKNOWN"], "MOD_PKV/R0": ["false_place_Q", "saffron cloister"], "MOD_PKV/HOP": ["false_place_Q", "saffron cloister The gilded chalice sits in ", "HH-647"], "MOD_NATIVE/R0": ["false_place_Q", "The saffron cloister."], "MOD_NATIVE/HOP": ["false_place_Q", "saffron cloister The gilded chalice sits in ", "HH-647"], "NOMEM/R0": ["correct", "UNKNOWN"], "NOMEM/HOP": ["correct", "UNKNOWN", null], "MOD_PKV/ID_ORACLE": ["wrong", "saffron cloister The gilded chalice sits in ", "UNKNOWN"], "MOD_PKV/ID_DECOY": ["review", "saffron cloister The gilded chalice sits in ", "saffron cloister"], "MOD_PKV/ID_FAKE": ["correct", "UNKNOWN", "UNKNOWN"]}, "margins": {"MOD_PKV": -18.594, "NOMEM": -20.75}}
T450 {"case": "t450-test-38:AXW", "target": "UNKNOWN", "cells": {"CONTEXT/R0": ["correct", "UNKNOWN"], "MOD_PKV/R0": ["false_place_Q", "saffron cloister"], "MOD_PKV/HOP": ["correct", "UNKNOWN", "CC-647"], "MOD_NATIVE/R0": ["false_place_Q", "Saffron cloister"], "MOD_NATIVE/HOP": ["correct", "UNKNOWN", "CC-647"], "NOMEM/R0": ["correct", "UNKNOWN"], "NOMEM/HOP": ["correct", "UNKNOWN", null], "MOD_PKV/ID_ORACLE": ["wrong", "saffron cloister", "UNKNOWN"], "MOD_PKV/ID_DECOY": ["correct", "saffron cloister", "saffron cloister"], "MOD_PKV/ID_FAKE": ["correct", "UNKNOWN", "UNKNOWN"]}, "margins": {"MOD_PKV": -0.25, "NOMEM": -19.672}}
T450 {"case": "t450-test-38:WXA", "target": "UNKNOWN", "cells": {"CONTEXT/R0": ["correct", "UNKNOWN"], "MOD_PKV/R0": ["false_place_Q", "saffron cloister"], "MOD_PKV/HOP": ["false_place_Q", "saffron cloister", "HH-647"], "MOD_NATIVE/R0": ["false_place_Q", "saffron cloister"], "MOD_NATIVE/HOP": ["false_place_Q", "saffron cloister", "HH-647"], "NOMEM/R0": ["correct", "UNKNOWN"], "NOMEM/HOP": ["correct", "UNKNOWN", null], "MOD_PKV/ID_ORACLE": ["wrong", "saffron cloister", "UNKNOWN"], "MOD_PKV/ID_DECOY": ["correct", "saffron cloister", "saffron cloister"], "MOD_PKV/ID_FAKE": ["correct", "UNKNOWN", "UNKNOWN"]}, "margins": {"MOD_PKV": -0.5, "NOMEM": -19.672}}
T450 {"case": "t450-test-39:AB", "target": "teal atrium", "cells": {"CONTEXT/R0": ["false_unknown", "UNKNOWN"], "MOD_PKV/R0": ["other_wrong", "Atrium"], "MOD_PKV/HOP": ["false_unknown", "UNKNOWN", "CP-944"], "MOD_NATIVE/R0": ["other_wrong", "Atrium"], "MOD_NATIVE/HOP": ["false_unknown", "UNKNOWN", "CP-944"], "NOMEM/R0": ["false_unknown", "UNKNOWN"], "NOMEM/HOP": ["false_unknown", "UNKNOWN", null], "MOD_PKV/ID_ORACLE": ["wrong", "UNKNOWN", "teal atrium"], "MOD_PKV/ID_DECOY": ["correct", "UNKNOWN", "UNKNOWN"], "MOD_PKV/ID_FAKE": ["correct", "UNKNOWN", "UNKNOWN"]}, "margins": {"MOD_PKV": -12.5, "NOMEM": -17.891}}
T450 {"case": "t450-test-39:BA", "target": "teal atrium", "cells": {"CONTEXT/R0": ["correct", "The teal atrium"], "MOD_PKV/R0": ["other_wrong", "Atrium"], "MOD_PKV/HOP": ["false_unknown", "UNKNOWN", "CP-944"], "MOD_NATIVE/R0": ["other_wrong", "Atrium"], "MOD_NATIVE/HOP": ["false_unknown", "UNKNOWN", "CP-944"], "NOMEM/R0": ["false_unknown", "UNKNOWN"], "NOMEM/HOP": ["false_unknown", "UNKNOWN", null], "MOD_PKV/ID_ORACLE": ["wrong", "UNKNOWN", "teal atrium"], "MOD_PKV/ID_DECOY": ["correct", "UNKNOWN", "UNKNOWN"], "MOD_PKV/ID_FAKE": ["correct", "UNKNOWN", "UNKNOWN"]}, "margins": {"MOD_PKV": -10.969, "NOMEM": -17.891}}
T450 {"case": "t450-test-39:AXB", "target": "teal atrium", "cells": {"CONTEXT/R0": ["false_unknown", "UNKNOWN"], "MOD_PKV/R0": ["false_unknown", "UNKNOWN"], "MOD_PKV/HOP": ["correct", "The teal atrium", "CP-944"], "MOD_NATIVE/R0": ["false_unknown", "UNKNOWN"], "MOD_NATIVE/HOP": ["correct", "The teal atrium", "CP-944"], "NOMEM/R0": ["false_unknown", "UNKNOWN"], "NOMEM/HOP": ["false_unknown", "UNKNOWN", null], "MOD_PKV/ID_ORACLE": ["correct", "The teal atrium", "teal atrium"], "MOD_PKV/ID_DECOY": ["wrong", "The teal atrium", "indigo barracks"], "MOD_PKV/ID_FAKE": ["correct", "UNKNOWN", "UNKNOWN"]}, "margins": {"MOD_PKV": -15.859, "NOMEM": -17.867}}
T450 {"case": "t450-test-39:BXA", "target": "teal atrium", "cells": {"CONTEXT/R0": ["false_unknown", "UNKNOWN"], "MOD_PKV/R0": ["false_unknown", "UNKNOWN"], "MOD_PKV/HOP": ["false_unknown", "UNKNOWN", "CP-944"], "MOD_NATIVE/R0": ["false_unknown", "UNKNOWN"], "MOD_NATIVE/HOP": ["false_unknown", "UNKNOWN", "CP-944"], "NOMEM/R0": ["false_unknown", "UNKNOWN"], "NOMEM/HOP": ["false_unknown", "UNKNOWN", null], "MOD_PKV/ID_ORACLE": ["wrong", "UNKNOWN", "teal atrium"], "MOD_PKV/ID_DECOY": ["wrong", "The teal atrium", "indigo barracks"], "MOD_PKV/ID_FAKE": ["correct", "UNKNOWN", "UNKNOWN"]}, "margins": {"MOD_PKV": -11.312, "NOMEM": -17.867}}
T450 {"case": "t450-test-39:AX", "target": "UNKNOWN", "cells": {"CONTEXT/R0": ["correct", "UNKNOWN"], "MOD_PKV/R0": ["container_id", "CP-944"], "MOD_PKV/HOP": ["correct", "UNKNOWN", "CP-944"], "MOD_NATIVE/R0": ["container_id", "CP-944"], "MOD_NATIVE/HOP": ["container_id", "CP-944", "HT-908"], "NOMEM/R0": ["correct", "UNKNOWN"], "NOMEM/HOP": ["correct", "UNKNOWN", null], "MOD_PKV/ID_ORACLE": ["correct", "UNKNOWN", "UNKNOWN"], "MOD_PKV/ID_DECOY": ["wrong", "CP-944", "indigo barracks"], "MOD_PKV/ID_FAKE": ["correct", "UNKNOWN", "UNKNOWN"]}, "margins": {"MOD_PKV": -19.547, "NOMEM": -17.891}}
T450 {"case": "t450-test-39:XA", "target": "UNKNOWN", "cells": {"CONTEXT/R0": ["false_place_Q", "Indigo barracks"], "MOD_PKV/R0": ["container_id", "Container CP-944"], "MOD_PKV/HOP": ["container_id", "CP-944", "HT-908"], "MOD_NATIVE/R0": ["container_id", "CP-944"], "MOD_NATIVE/HOP": ["container_id", "CP-944", "HT-908"], "NOMEM/R0": ["correct", "UNKNOWN"], "NOMEM/HOP": ["correct", "UNKNOWN", null], "MOD_PKV/ID_ORACLE": ["correct", "UNKNOWN", "UNKNOWN"], "MOD_PKV/ID_DECOY": ["wrong", "CP-944", "indigo barracks"], "MOD_PKV/ID_FAKE": ["correct", "UNKNOWN", "UNKNOWN"]}, "margins": {"MOD_PKV": -18.25, "NOMEM": -17.891}}
T450 {"case": "t450-test-39:AXW", "target": "UNKNOWN", "cells": {"CONTEXT/R0": ["correct", "UNKNOWN"], "MOD_PKV/R0": ["correct", "UNKNOWN"], "MOD_PKV/HOP": ["false_place_P", "The teal atrium", "HT-908"], "MOD_NATIVE/R0": ["correct", "UNKNOWN"], "MOD_NATIVE/HOP": ["false_place_P", "The teal atrium", "HT-908"], "NOMEM/R0": ["correct", "UNKNOWN"], "NOMEM/HOP": ["correct", "UNKNOWN", null], "MOD_PKV/ID_ORACLE": ["correct", "UNKNOWN", "UNKNOWN"], "MOD_PKV/ID_DECOY": ["wrong", "The teal atrium", "indigo barracks"], "MOD_PKV/ID_FAKE": ["correct", "UNKNOWN", "UNKNOWN"]}, "margins": {"MOD_PKV": -14.094, "NOMEM": -17.867}}
T450 {"case": "t450-test-39:WXA", "target": "UNKNOWN", "cells": {"CONTEXT/R0": ["correct", "UNKNOWN"], "MOD_PKV/R0": ["other_wrong", "Atrium"], "MOD_PKV/HOP": ["correct", "UNKNOWN", "DH-944"], "MOD_NATIVE/R0": ["correct", "UNKNOWN"], "MOD_NATIVE/HOP": ["correct", "UNKNOWN", "HT-908"], "NOMEM/R0": ["correct", "UNKNOWN"], "NOMEM/HOP": ["correct", "UNKNOWN", null], "MOD_PKV/ID_ORACLE": ["correct", "UNKNOWN", "UNKNOWN"], "MOD_PKV/ID_DECOY": ["wrong", "UNKNOWN", "indigo barracks"], "MOD_PKV/ID_FAKE": ["correct", "UNKNOWN", "UNKNOWN"]}, "margins": {"MOD_PKV": -10.031, "NOMEM": -17.867}}
T450 {"case": "t450-test-40:AB", "target": "indigo pier", "cells": {"CONTEXT/R0": ["correct", "The indigo pier"], "MOD_PKV/R0": ["correct", "indigo pier"], "MOD_PKV/HOP": ["correct", "indigo pier", "VN-484"], "MOD_NATIVE/R0": ["correct", "indigo pier"], "MOD_NATIVE/HOP": ["correct", "indigo pier", "VN-484"], "NOMEM/R0": ["false_unknown", "UNKNOWN"], "NOMEM/HOP": ["false_unknown", "UNKNOWN", null], "MOD_PKV/ID_ORACLE": ["correct", "indigo pier", "indigo pier"], "MOD_PKV/ID_DECOY": ["correct", "UNKNOWN", "UNKNOWN"], "MOD_PKV/ID_FAKE": ["correct", "UNKNOWN", "UNKNOWN"]}, "margins": {"MOD_PKV": 7.125, "NOMEM": -17.693}}
T450 {"case": "t450-test-40:BA", "target": "indigo pier", "cells": {"CONTEXT/R0": ["correct", "The indigo pier"], "MOD_PKV/R0": ["correct", "indigo pier"], "MOD_PKV/HOP": ["container_id", "indigo pier The tarnished inkwell sits in co", "VN-484"], "MOD_NATIVE/R0": ["correct", "indigo pier"], "MOD_NATIVE/HOP": ["container_id", "indigo pier The tarnished inkwell sits in co", "VN-484"], "NOMEM/R0": ["false_unknown", "UNKNOWN"], "NOMEM/HOP": ["false_unknown", "UNKNOWN", null], "MOD_PKV/ID_ORACLE": ["wrong", "indigo pier The tarnished inkwell sits in co", "indigo pier"], "MOD_PKV/ID_DECOY": ["correct", "UNKNOWN", "UNKNOWN"], "MOD_PKV/ID_FAKE": ["correct", "UNKNOWN", "UNKNOWN"]}, "margins": {"MOD_PKV": 7.125, "NOMEM": -17.693}}
T450 {"case": "t450-test-40:AXB", "target": "indigo pier", "cells": {"CONTEXT/R0": ["correct", "The indigo pier"], "MOD_PKV/R0": ["decoy_place_Q", "The juniper workshop."], "MOD_PKV/HOP": ["decoy_place_Q", "juniper workshop. The container VN-484 is lo", "VN-484"], "MOD_NATIVE/R0": ["decoy_place_Q", "The juniper workshop."], "MOD_NATIVE/HOP": ["review", "juniper workshop. The juniper workshop.", "VN-484"], "NOMEM/R0": ["false_unknown", "UNKNOWN"], "NOMEM/HOP": ["false_unknown", "UNKNOWN", null], "MOD_PKV/ID_ORACLE": ["wrong", "juniper workshop. The container VN-484 is lo", "indigo pier"], "MOD_PKV/ID_DECOY": ["review", "The juniper workshop. If the records do not ", "juniper workshop"], "MOD_PKV/ID_FAKE": ["correct", "UNKNOWN", "UNKNOWN"]}, "margins": {"MOD_PKV": 5.875, "NOMEM": -17.352}}
T450 {"case": "t450-test-40:BXA", "target": "indigo pier", "cells": {"CONTEXT/R0": ["correct", "indigo pier"], "MOD_PKV/R0": ["correct", "The indigo pier"], "MOD_PKV/HOP": ["decoy_place_Q", "juniper workshop. The tarnished inkwell sits", "VN-484"], "MOD_NATIVE/R0": ["decoy_place_Q", "The juniper workshop."], "MOD_NATIVE/HOP": ["decoy_place_Q", "juniper workshop. The juniper workshop is th", "VN-484"], "NOMEM/R0": ["false_unknown", "UNKNOWN"], "NOMEM/HOP": ["false_unknown", "UNKNOWN", null], "MOD_PKV/ID_ORACLE": ["wrong", "juniper workshop. The tarnished inkwell sits", "indigo pier"], "MOD_PKV/ID_DECOY": ["correct", "The juniper workshop.", "juniper workshop"], "MOD_PKV/ID_FAKE": ["correct", "UNKNOWN", "UNKNOWN"]}, "margins": {"MOD_PKV": 5.75, "NOMEM": -17.352}}
T450 {"case": "t450-test-40:AX", "target": "UNKNOWN", "cells": {"CONTEXT/R0": ["false_place_Q", "The juniper workshop."], "MOD_PKV/R0": ["false_place_Q", "Juniper workshop."], "MOD_PKV/HOP": ["false_place_Q", "juniper workshop", "VN-484"], "MOD_NATIVE/R0": ["false_place_Q", "Juniper workshop."], "MOD_NATIVE/HOP": ["false_place_Q", "juniper workshop", "VN-484"], "NOMEM/R0": ["correct", "UNKNOWN"], "NOMEM/HOP": ["correct", "UNKNOWN", null], "MOD_PKV/ID_ORACLE": ["wrong", "juniper workshop", "UNKNOWN"], "MOD_PKV/ID_DECOY": ["correct", "juniper workshop", "juniper workshop"], "MOD_PKV/ID_FAKE": ["correct", "UNKNOWN", "UNKNOWN"]}, "margins": {"MOD_PKV": -10.469, "NOMEM": -17.693}}
T450 {"case": "t450-test-40:XA", "target": "UNKNOWN", "cells": {"CONTEXT/R0": ["false_place_Q", "juniper workshop"], "MOD_PKV/R0": ["false_place_Q", "The juniper workshop."], "MOD_PKV/HOP": ["false_place_Q", "juniper workshop", "VN-484"], "MOD_NATIVE/R0": ["false_place_Q", "The juniper workshop."], "MOD_NATIVE/HOP": ["false_place_Q", "juniper workshop", "VN-484"], "NOMEM/R0": ["correct", "UNKNOWN"], "NOMEM/HOP": ["correct", "UNKNOWN", null], "MOD_PKV/ID_ORACLE": ["wrong", "juniper workshop", "UNKNOWN"], "MOD_PKV/ID_DECOY": ["correct", "juniper workshop", "juniper workshop"], "MOD_PKV/ID_FAKE": ["correct", "UNKNOWN", "UNKNOWN"]}, "margins": {"MOD_PKV": -8.438, "NOMEM": -17.693}}
T450 {"case": "t450-test-40:AXW", "target": "UNKNOWN", "cells": {"CONTEXT/R0": ["false_place_Q", "The juniper workshop"], "MOD_PKV/R0": ["false_place_P", "The indigo pier."], "MOD_PKV/HOP": ["review", "The juniper workshop. The juniper workshop.", "VN-484"], "MOD_NATIVE/R0": ["false_place_P", "The indigo pier."], "MOD_NATIVE/HOP": ["false_place_P", "indigo pier", "VN-484"], "NOMEM/R0": ["correct", "UNKNOWN"], "NOMEM/HOP": ["correct", "UNKNOWN", null], "MOD_PKV/ID_ORACLE": ["review", "The juniper workshop. The juniper workshop.", "UNKNOWN"], "MOD_PKV/ID_DECOY": ["wrong", "indigo pier", "juniper workshop"], "MOD_PKV/ID_FAKE": ["correct", "UNKNOWN", "UNKNOWN"]}, "margins": {"MOD_PKV": 6.625, "NOMEM": -17.261}}
T450 {"case": "t450-test-40:WXA", "target": "UNKNOWN", "cells": {"CONTEXT/R0": ["false_place_Q", "The juniper workshop"], "MOD_PKV/R0": ["false_place_P", "The indigo pier"], "MOD_PKV/HOP": ["false_place_P", "indigo pier", "VN-484"], "MOD_NATIVE/R0": ["false_place_P", "The indigo pier"], "MOD_NATIVE/HOP": ["false_place_P", "indigo pier", "VN-484"], "NOMEM/R0": ["correct", "UNKNOWN"], "NOMEM/HOP": ["correct", "UNKNOWN", null], "MOD_PKV/ID_ORACLE": ["wrong", "indigo pier", "UNKNOWN"], "MOD_PKV/ID_DECOY": ["wrong", "indigo pier", "juniper workshop"], "MOD_PKV/ID_FAKE": ["correct", "UNKNOWN", "UNKNOWN"]}, "margins": {"MOD_PKV": 7.125, "NOMEM": -17.261}}
T450 {"case": "t450-test-41:AB", "target": "olive granary", "cells": {"CONTEXT/R0": ["false_unknown", "UNKNOWN"], "MOD_PKV/R0": ["container_id", "Container MF-665. The question directly stat"], "MOD_PKV/HOP": ["false_unknown", "Container MF-665 is located in the UNKNOWN. ", "MF-665"], "MOD_NATIVE/R0": ["container_id", "Container MF-665. The olive granary."], "MOD_NATIVE/HOP": ["false_unknown", "Container MF-665 is located in the UNKNOWN. ", "MF-665"], "NOMEM/R0": ["false_unknown", "UNKNOWN"], "NOMEM/HOP": ["false_unknown", "UNKNOWN", null], "MOD_PKV/ID_ORACLE": ["wrong", "Container MF-665 is located in the UNKNOWN. ", "olive granary"], "MOD_PKV/ID_DECOY": ["correct", "UNKNOWN", "UNKNOWN"], "MOD_PKV/ID_FAKE": ["correct", "UNKNOWN", "UNKNOWN"]}, "margins": {"MOD_PKV": -12.625, "NOMEM": -17.344}}
T450 {"case": "t450-test-41:BA", "target": "olive granary", "cells": {"CONTEXT/R0": ["false_unknown", "UNKNOWN"], "MOD_PKV/R0": ["container_id", "Container MF-665. The olive granary."], "MOD_PKV/HOP": ["false_unknown", "Container MF-665 is located in the UNKNOWN. ", "MF-665"], "MOD_NATIVE/R0": ["container_id", "Container MF-665"], "MOD_NATIVE/HOP": ["false_unknown", "Container MF-665 is located in the UNKNOWN. ", "MF-665"], "NOMEM/R0": ["false_unknown", "UNKNOWN"], "NOMEM/HOP": ["false_unknown", "UNKNOWN", null], "MOD_PKV/ID_ORACLE": ["wrong", "Container MF-665 is located in the UNKNOWN. ", "olive granary"], "MOD_PKV/ID_DECOY": ["correct", "UNKNOWN", "UNKNOWN"], "MOD_PKV/ID_FAKE": ["correct", "UNKNOWN", "UNKNOWN"]}, "margins": {"MOD_PKV": -14.125, "NOMEM": -17.344}}
T450 {"case": "t450-test-41:AXB", "target": "olive granary", "cells": {"CONTEXT/R0": ["container_id", "Container MF-665"], "MOD_PKV/R0": ["decoy_place_Q", "Container MF-665. The pewter pier houses con"], "MOD_PKV/HOP": ["correct", "The olive granary", "MF-665"], "MOD_NATIVE/R0": ["decoy_place_Q", "Container MF-665. The pewter pier houses con"], "MOD_NATIVE/HOP": ["false_unknown", "UNKNOWN", "MF-665"], "NOMEM/R0": ["false_unknown", "UNKNOWN"], "NOMEM/HOP": ["false_unknown", "UNKNOWN", null], "MOD_PKV/ID_ORACLE": ["correct", "The olive granary", "olive granary"], "MOD_PKV/ID_DECOY": ["wrong", "The olive granary", "pewter pier"], "MOD_PKV/ID_FAKE": ["correct", "UNKNOWN", "UNKNOWN"]}, "margins": {"MOD_PKV": -14.922, "NOMEM": -17.086}}
T450 {"case": "t450-test-41:BXA", "target": "olive granary", "cells": {"CONTEXT/R0": ["correct", "The olive granary"], "MOD_PKV/R0": ["container_id", "Container MF-665"], "MOD_PKV/HOP": ["false_unknown", "UNKNOWN", "MF-665"], "MOD_NATIVE/R0": ["container_id", "Container MF-665"], "MOD_NATIVE/HOP": ["false_unknown", "UNKNOWN", "MF-665"], "NOMEM/R0": ["false_unknown", "UNKNOWN"], "NOMEM/HOP": ["false_unknown", "UNKNOWN", null], "MOD_PKV/ID_ORACLE": ["wrong", "UNKNOWN", "olive granary"], "MOD_PKV/ID_DECOY": ["wrong", "UNKNOWN", "pewter pier"], "MOD_PKV/ID_FAKE": ["correct", "UNKNOWN", "UNKNOWN"]}, "margins": {"MOD_PKV": -15.766, "NOMEM": -17.086}}
T450 {"case": "t450-test-41:AX", "target": "UNKNOWN", "cells": {"CONTEXT/R0": ["container_id", "Container MF-665"], "MOD_PKV/R0": ["correct", "UNKNOWN"], "MOD_PKV/HOP": ["correct", "UNKNOWN", "MF-665"], "MOD_NATIVE/R0": ["correct", "UNKNOWN"], "MOD_NATIVE/HOP": ["correct", "UNKNOWN", "MF-665"], "NOMEM/R0": ["correct", "UNKNOWN"], "NOMEM/HOP": ["correct", "UNKNOWN", null], "MOD_PKV/ID_ORACLE": ["correct", "UNKNOWN", "UNKNOWN"], "MOD_PKV/ID_DECOY": ["wrong", "UNKNOWN", "pewter pier"], "MOD_PKV/ID_FAKE": ["correct", "UNKNOWN", "UNKNOWN"]}, "margins": {"MOD_PKV": -22.344, "NOMEM": -17.344}}
T450 {"case": "t450-test-41:XA", "target": "UNKNOWN", "cells": {"CONTEXT/R0": ["correct", "UNKNOWN"], "MOD_PKV/R0": ["correct", "UNKNOWN"], "MOD_PKV/HOP": ["correct", "UNKNOWN", "HV-185"], "MOD_NATIVE/R0": ["container_id", "MF-665 Container"], "MOD_NATIVE/HOP": ["correct", "UNKNOWN", "HV-185"], "NOMEM/R0": ["correct", "UNKNOWN"], "NOMEM/HOP": ["correct", "UNKNOWN", null], "MOD_PKV/ID_ORACLE": ["correct", "UNKNOWN", "UNKNOWN"], "MOD_PKV/ID_DECOY": ["wrong", "UNKNOWN", "pewter pier"], "MOD_PKV/ID_FAKE": ["correct", "UNKNOWN", "UNKNOWN"]}, "margins": {"MOD_PKV": -22.297, "NOMEM": -17.344}}
T450 {"case": "t450-test-41:AXW", "target": "UNKNOWN", "cells": {"CONTEXT/R0": ["container_id", "Container MF-665"], "MOD_PKV/R0": ["container_id", "Container RN-955. The question states that t"], "MOD_PKV/HOP": ["correct", "UNKNOWN", "RN-955"], "MOD_NATIVE/R0": ["container_id", "Container RN-955. The question states that t"], "MOD_NATIVE/HOP": ["correct", "UNKNOWN", "RN-955"], "NOMEM/R0": ["correct", "UNKNOWN"], "NOMEM/HOP": ["correct", "UNKNOWN", null], "MOD_PKV/ID_ORACLE": ["correct", "UNKNOWN", "UNKNOWN"], "MOD_PKV/ID_DECOY": ["wrong", "The olive granary", "pewter pier"], "MOD_PKV/ID_FAKE": ["correct", "UNKNOWN", "UNKNOWN"]}, "margins": {"MOD_PKV": -14.609, "NOMEM": -17.086}}
T450 {"case": "t450-test-41:WXA", "target": "UNKNOWN", "cells": {"CONTEXT/R0": ["false_place_Q", "The pewter pier"], "MOD_PKV/R0": ["container_id", "Container RN-955"], "MOD_PKV/HOP": ["correct", "UNKNOWN", "RN-955"], "MOD_NATIVE/R0": ["container_id", "Container RN-955"], "MOD_NATIVE/HOP": ["correct", "UNKNOWN", "RN-955"], "NOMEM/R0": ["correct", "UNKNOWN"], "NOMEM/HOP": ["correct", "UNKNOWN", null], "MOD_PKV/ID_ORACLE": ["correct", "UNKNOWN", "UNKNOWN"], "MOD_PKV/ID_DECOY": ["wrong", "UNKNOWN", "pewter pier"], "MOD_PKV/ID_FAKE": ["correct", "UNKNOWN", "UNKNOWN"]}, "margins": {"MOD_PKV": -15.391, "NOMEM": -17.086}}
T450 {"case": "t450-test-42:AB", "target": "olive boathouse", "cells": {"CONTEXT/R0": ["correct", "The olive boathouse"], "MOD_PKV/R0": ["container_id", "CX-957"], "MOD_PKV/HOP": ["container_id", "CX-957 is located in the olive boathouse. Th", "CX-957"], "MOD_NATIVE/R0": ["container_id", "CX-957"], "MOD_NATIVE/HOP": ["container_id", "CX-957 is located in the olive boathouse. Th", "CX-957"], "NOMEM/R0": ["false_unknown", "UNKNOWN"], "NOMEM/HOP": ["false_unknown", "UNKNOWN", null], "MOD_PKV/ID_ORACLE": ["wrong", "CX-957 is located in the olive boathouse. Th", "olive boathouse"], "MOD_PKV/ID_DECOY": ["correct", "UNKNOWN", "UNKNOWN"], "MOD_PKV/ID_FAKE": ["correct", "UNKNOWN", "UNKNOWN"]}, "margins": {"MOD_PKV": -13.852, "NOMEM": -17.875}}
T450 {"case": "t450-test-42:BA", "target": "olive boathouse", "cells": {"CONTEXT/R0": ["correct", "The olive boathouse"], "MOD_PKV/R0": ["container_id", "CX-957"], "MOD_PKV/HOP": ["container_id", "CX-957 is located in the olive boathouse. Th", "CX-957"], "MOD_NATIVE/R0": ["container_id", "CX-957"], "MOD_NATIVE/HOP": ["container_id", "CX-957 is located in the olive boathouse. Th", "CX-957"], "NOMEM/R0": ["false_unknown", "UNKNOWN"], "NOMEM/HOP": ["false_unknown", "UNKNOWN", null], "MOD_PKV/ID_ORACLE": ["wrong", "CX-957 is located in the olive boathouse. Th", "olive boathouse"], "MOD_PKV/ID_DECOY": ["correct", "UNKNOWN", "UNKNOWN"], "MOD_PKV/ID_FAKE": ["correct", "UNKNOWN", "UNKNOWN"]}, "margins": {"MOD_PKV": -11.156, "NOMEM": -17.875}}
T450 {"case": "t450-test-42:AXB", "target": "olive boathouse", "cells": {"CONTEXT/R0": ["decoy_place_Q", "Crimson rotunda"], "MOD_PKV/R0": ["decoy_place_Q", "The crimson rotunda"], "MOD_PKV/HOP": ["decoy_place_Q", "CX-957 is located in the crimson rotunda. Th", "CX-957"], "MOD_NATIVE/R0": ["decoy_place_Q", "The crimson rotunda"], "MOD_NATIVE/HOP": ["decoy_place_Q", "CX-957 is located in the crimson rotunda. Th", "CX-957"], "NOMEM/R0": ["false_unknown", "UNKNOWN"], "NOMEM/HOP": ["false_unknown", "UNKNOWN", null], "MOD_PKV/ID_ORACLE": ["wrong", "CX-957 is located in the crimson rotunda. Th", "olive boathouse"], "MOD_PKV/ID_DECOY": ["wrong", "CX-957", "crimson rotunda"], "MOD_PKV/ID_FAKE": ["correct", "UNKNOWN", "UNKNOWN"]}, "margins": {"MOD_PKV": -14.82, "NOMEM": -17.227}}
T450 {"case": "t450-test-42:BXA", "target": "olive boathouse", "cells": {"CONTEXT/R0": ["correct", "The olive boathouse"], "MOD_PKV/R0": ["container_id", "CX-957"], "MOD_PKV/HOP": ["decoy_place_Q", "CX-957 is located in the crimson rotunda. Th", "CX-957"], "MOD_NATIVE/R0": ["container_id", "CX-957"], "MOD_NATIVE/HOP": ["decoy_place_Q", "CX-957 is located in the crimson rotunda. Th", "CX-957"], "NOMEM/R0": ["false_unknown", "UNKNOWN"], "NOMEM/HOP": ["false_unknown", "UNKNOWN", null], "MOD_PKV/ID_ORACLE": ["wrong", "CX-957 is located in the crimson rotunda. Th", "olive boathouse"], "MOD_PKV/ID_DECOY": ["wrong", "CX-957", "crimson rotunda"], "MOD_PKV/ID_FAKE": ["correct", "UNKNOWN", "UNKNOWN"]}, "margins": {"MOD_PKV": -10.219, "NOMEM": -17.227}}
T450 {"case": "t450-test-42:AX", "target": "UNKNOWN", "cells": {"CONTEXT/R0": ["correct", "UNKNOWN"], "MOD_PKV/R0": ["correct", "UNKNOWN"], "MOD_PKV/HOP": ["correct", "UNKNOWN", "CX-957"], "MOD_NATIVE/R0": ["correct", "UNKNOWN"], "MOD_NATIVE/HOP": ["correct", "UNKNOWN", "CX-957"], "NOMEM/R0": ["correct", "UNKNOWN"], "NOMEM/HOP": ["correct", "UNKNOWN", null], "MOD_PKV/ID_ORACLE": ["correct", "UNKNOWN", "UNKNOWN"], "MOD_PKV/ID_DECOY": ["wrong", "UNKNOWN", "crimson rotunda"], "MOD_PKV/ID_FAKE": ["correct", "UNKNOWN", "UNKNOWN"]}, "margins": {"MOD_PKV": -22.094, "NOMEM": -17.625}}
T450 {"case": "t450-test-42:XA", "target": "UNKNOWN", "cells": {"CONTEXT/R0": ["correct", "UNKNOWN"], "MOD_PKV/R0": ["container_id", "CX-957"], "MOD_PKV/HOP": ["correct", "UNKNOWN", "CX-957"], "MOD_NATIVE/R0": ["container_id", "CX-957"], "MOD_NATIVE/HOP": ["correct", "UNKNOWN", "CX-957"], "NOMEM/R0": ["correct", "UNKNOWN"], "NOMEM/HOP": ["correct", "UNKNOWN", null], "MOD_PKV/ID_ORACLE": ["correct", "UNKNOWN", "UNKNOWN"], "MOD_PKV/ID_DECOY": ["wrong", "UNKNOWN", "crimson rotunda"], "MOD_PKV/ID_FAKE": ["correct", "UNKNOWN", "UNKNOWN"]}, "margins": {"MOD_PKV": -17.859, "NOMEM": -17.625}}
T450 {"case": "t450-test-42:AXW", "target": "UNKNOWN", "cells": {"CONTEXT/R0": ["false_place_Q", "Crimson rotunda"], "MOD_PKV/R0": ["false_place_Q", "The crimson rotunda"], "MOD_PKV/HOP": ["container_id", "CX-957", "TK-826"], "MOD_NATIVE/R0": ["false_place_Q", "The crimson rotunda"], "MOD_NATIVE/HOP": ["container_id", "CX-957", "TK-826"], "NOMEM/R0": ["correct", "UNKNOWN"], "NOMEM/HOP": ["correct", "UNKNOWN", null], "MOD_PKV/ID_ORACLE": ["correct", "UNKNOWN", "UNKNOWN"], "MOD_PKV/ID_DECOY": ["wrong", "CX-957", "crimson rotunda"], "MOD_PKV/ID_FAKE": ["correct", "UNKNOWN", "UNKNOWN"]}, "margins": {"MOD_PKV": -14.297, "NOMEM": -17.227}}
T450 {"case": "t450-test-42:WXA", "target": "UNKNOWN", "cells": {"CONTEXT/R0": ["false_place_Q", "The crimson rotunda"], "MOD_PKV/R0": ["container_id", "CX-957"], "MOD_PKV/HOP": ["container_id", "CX-957", "TK-826"], "MOD_NATIVE/R0": ["container_id", "CX-957"], "MOD_NATIVE/HOP": ["container_id", "CX-957", "TK-826"], "NOMEM/R0": ["correct", "UNKNOWN"], "NOMEM/HOP": ["correct", "UNKNOWN", null], "MOD_PKV/ID_ORACLE": ["wrong", "CX-957 is located in the crimson rotunda. Th", "UNKNOWN"], "MOD_PKV/ID_DECOY": ["wrong", "CX-957", "crimson rotunda"], "MOD_PKV/ID_FAKE": ["correct", "UNKNOWN", "UNKNOWN"]}, "margins": {"MOD_PKV": -10.062, "NOMEM": -17.227}}
T450 {"case": "t450-test-43:AB", "target": "olive workshop", "cells": {"CONTEXT/R0": ["correct", "The olive workshop"], "MOD_PKV/R0": ["container_id", "Container JB-396"], "MOD_PKV/HOP": ["false_unknown", "UNKNOWN", "JB-396"], "MOD_NATIVE/R0": ["container_id", "Container JB-396"], "MOD_NATIVE/HOP": ["false_unknown", "UNKNOWN", "JB-396"], "NOMEM/R0": ["false_unknown", "UNKNOWN"], "NOMEM/HOP": ["false_unknown", "UNKNOWN", null], "MOD_PKV/ID_ORACLE": ["wrong", "UNKNOWN", "olive workshop"], "MOD_PKV/ID_DECOY": ["correct", "UNKNOWN", "UNKNOWN"], "MOD_PKV/ID_FAKE": ["correct", "UNKNOWN", "UNKNOWN"]}, "margins": {"MOD_PKV": -12.594, "NOMEM": -19.656}}
T450 {"case": "t450-test-43:BA", "target": "olive workshop", "cells": {"CONTEXT/R0": ["correct", "The olive workshop"], "MOD_PKV/R0": ["container_id", "Container JB-396"], "MOD_PKV/HOP": ["false_unknown", "UNKNOWN", "JB-396"], "MOD_NATIVE/R0": ["container_id", "Container JB-396"], "MOD_NATIVE/HOP": ["false_unknown", "UNKNOWN", "JB-396"], "NOMEM/R0": ["false_unknown", "UNKNOWN"], "NOMEM/HOP": ["false_unknown", "UNKNOWN", null], "MOD_PKV/ID_ORACLE": ["wrong", "UNKNOWN", "olive workshop"], "MOD_PKV/ID_DECOY": ["correct", "UNKNOWN", "UNKNOWN"], "MOD_PKV/ID_FAKE": ["correct", "UNKNOWN", "UNKNOWN"]}, "margins": {"MOD_PKV": -8.844, "NOMEM": -19.656}}
T450 {"case": "t450-test-43:AXB", "target": "olive workshop", "cells": {"CONTEXT/R0": ["false_unknown", "UNKNOWN"], "MOD_PKV/R0": ["other_wrong", "The walnut workshop"], "MOD_PKV/HOP": ["correct", "The olive workshop", "JB-396"], "MOD_NATIVE/R0": ["other_wrong", "The walnut workshop"], "MOD_NATIVE/HOP": ["correct", "The olive workshop", "JB-396"], "NOMEM/R0": ["false_unknown", "UNKNOWN"], "NOMEM/HOP": ["false_unknown", "UNKNOWN", null], "MOD_PKV/ID_ORACLE": ["correct", "The olive workshop", "olive workshop"], "MOD_PKV/ID_DECOY": ["wrong", "The olive workshop", "walnut rotunda"], "MOD_PKV/ID_FAKE": ["correct", "UNKNOWN", "UNKNOWN"]}, "margins": {"MOD_PKV": -9.094, "NOMEM": -18.031}}
T450 {"case": "t450-test-43:BXA", "target": "olive workshop", "cells": {"CONTEXT/R0": ["correct", "The olive workshop"], "MOD_PKV/R0": ["other_wrong", "The walnut workshop"], "MOD_PKV/HOP": ["false_unknown", "UNKNOWN", "JB-396"], "MOD_NATIVE/R0": ["other_wrong", "The walnut workshop"], "MOD_NATIVE/HOP": ["false_unknown", "UNKNOWN", "JB-396"], "NOMEM/R0": ["false_unknown", "UNKNOWN"], "NOMEM/HOP": ["false_unknown", "UNKNOWN", null], "MOD_PKV/ID_ORACLE": ["wrong", "UNKNOWN", "olive workshop"], "MOD_PKV/ID_DECOY": ["correct", "The walnut rotunda", "walnut rotunda"], "MOD_PKV/ID_FAKE": ["correct", "UNKNOWN", "UNKNOWN"]}, "margins": {"MOD_PKV": -6.531, "NOMEM": -18.031}}
T450 {"case": "t450-test-43:AX", "target": "UNKNOWN", "cells": {"CONTEXT/R0": ["false_place_Q", "Walnut rotunda"], "MOD_PKV/R0": ["container_id", "Container JB-396"], "MOD_PKV/HOP": ["correct", "UNKNOWN", "JP-872"], "MOD_NATIVE/R0": ["container_id", "Container JB-396"], "MOD_NATIVE/HOP": ["correct", "UNKNOWN", "JP-872"], "NOMEM/R0": ["correct", "UNKNOWN"], "NOMEM/HOP": ["correct", "UNKNOWN", null], "MOD_PKV/ID_ORACLE": ["correct", "UNKNOWN", "UNKNOWN"], "MOD_PKV/ID_DECOY": ["wrong", "UNKNOWN", "walnut rotunda"], "MOD_PKV/ID_FAKE": ["correct", "UNKNOWN", "UNKNOWN"]}, "margins": {"MOD_PKV": -18.656, "NOMEM": -19.672}}
T450 {"case": "t450-test-43:XA", "target": "UNKNOWN", "cells": {"CONTEXT/R0": ["false_place_Q", "The walnut rotunda"], "MOD_PKV/R0": ["container_id", "Container JB-396"], "MOD_PKV/HOP": ["correct", "UNKNOWN", "JP-872"], "MOD_NATIVE/R0": ["container_id", "Container JB-396"], "MOD_NATIVE/HOP": ["correct", "UNKNOWN", "JP-872"], "NOMEM/R0": ["correct", "UNKNOWN"], "NOMEM/HOP": ["correct", "UNKNOWN", null], "MOD_PKV/ID_ORACLE": ["correct", "UNKNOWN", "UNKNOWN"], "MOD_PKV/ID_DECOY": ["wrong", "UNKNOWN", "walnut rotunda"], "MOD_PKV/ID_FAKE": ["correct", "UNKNOWN", "UNKNOWN"]}, "margins": {"MOD_PKV": -16.406, "NOMEM": -19.672}}
T450 {"case": "t450-test-43:AXW", "target": "UNKNOWN", "cells": {"CONTEXT/R0": ["false_place_Q", "Walnut rotunda"], "MOD_PKV/R0": ["other_wrong", "The walnut workshop"], "MOD_PKV/HOP": ["false_place_P", "The olive workshop", "BR-780"], "MOD_NATIVE/R0": ["other_wrong", "The walnut workshop"], "MOD_NATIVE/HOP": ["false_place_P", "The olive workshop", "BR-780"], "NOMEM/R0": ["correct", "UNKNOWN"], "NOMEM/HOP": ["correct", "UNKNOWN", null], "MOD_PKV/ID_ORACLE": ["correct", "UNKNOWN", "UNKNOWN"], "MOD_PKV/ID_DECOY": ["wrong", "The olive workshop", "walnut rotunda"], "MOD_PKV/ID_FAKE": ["correct", "UNKNOWN", "UNKNOWN"]}, "margins": {"MOD_PKV": -8.594, "NOMEM": -18.031}}
T450 {"case": "t450-test-43:WXA", "target": "UNKNOWN", "cells": {"CONTEXT/R0": ["false_place_Q", "The walnut rotunda"], "MOD_PKV/R0": ["false_place_Q", "The walnut rotunda"], "MOD_PKV/HOP": ["false_place_Q", "The walnut rotunda", "BR-780"], "MOD_NATIVE/R0": ["false_place_Q", "The walnut rotunda"], "MOD_NATIVE/HOP": ["false_place_Q", "The walnut rotunda", "BR-780"], "NOMEM/R0": ["correct", "UNKNOWN"], "NOMEM/HOP": ["correct", "UNKNOWN", null], "MOD_PKV/ID_ORACLE": ["correct", "UNKNOWN", "UNKNOWN"], "MOD_PKV/ID_DECOY": ["correct", "The walnut rotunda", "walnut rotunda"], "MOD_PKV/ID_FAKE": ["correct", "UNKNOWN", "UNKNOWN"]}, "margins": {"MOD_PKV": -6.594, "NOMEM": -18.031}}
T450 {"case": "t450-test-44:AB", "target": "crimson workshop", "cells": {"CONTEXT/R0": ["false_unknown", "UNKNOWN"], "MOD_PKV/R0": ["false_unknown", "UNKNOWN"], "MOD_PKV/HOP": ["false_unknown", "UNKNOWN", "WX-258"], "MOD_NATIVE/R0": ["false_unknown", "UNKNOWN"], "MOD_NATIVE/HOP": ["false_unknown", "UNKNOWN", "WX-258"], "NOMEM/R0": ["false_unknown", "UNKNOWN"], "NOMEM/HOP": ["false_unknown", "UNKNOWN", null], "MOD_PKV/ID_ORACLE": ["wrong", "UNKNOWN", "crimson workshop"], "MOD_PKV/ID_DECOY": ["correct", "UNKNOWN", "UNKNOWN"], "MOD_PKV/ID_FAKE": ["correct", "UNKNOWN", "UNKNOWN"]}, "margins": {"MOD_PKV": -10.25, "NOMEM": -17.711}}
T450 {"case": "t450-test-44:BA", "target": "crimson workshop", "cells": {"CONTEXT/R0": ["false_unknown", "UNKNOWN"], "MOD_PKV/R0": ["false_unknown", "UNKNOWN"], "MOD_PKV/HOP": ["false_unknown", "UNKNOWN", "WX-258"], "MOD_NATIVE/R0": ["false_unknown", "UNKNOWN"], "MOD_NATIVE/HOP": ["false_unknown", "UNKNOWN", "WX-258"], "NOMEM/R0": ["false_unknown", "UNKNOWN"], "NOMEM/HOP": ["false_unknown", "UNKNOWN", null], "MOD_PKV/ID_ORACLE": ["wrong", "UNKNOWN", "crimson workshop"], "MOD_PKV/ID_DECOY": ["correct", "UNKNOWN", "UNKNOWN"], "MOD_PKV/ID_FAKE": ["correct", "UNKNOWN", "UNKNOWN"]}, "margins": {"MOD_PKV": -9.625, "NOMEM": -17.711}}
T450 {"case": "t450-test-44:AXB", "target": "crimson workshop", "cells": {"CONTEXT/R0": ["container_id", "Container WX-258"], "MOD_PKV/R0": ["false_unknown", "UNKNOWN"], "MOD_PKV/HOP": ["correct", "The crimson workshop", "FD-807"], "MOD_NATIVE/R0": ["false_unknown", "UNKNOWN"], "MOD_NATIVE/HOP": ["correct", "The crimson workshop", "FD-807"], "NOMEM/R0": ["false_unknown", "UNKNOWN"], "NOMEM/HOP": ["false_unknown", "UNKNOWN", null], "MOD_PKV/ID_ORACLE": ["correct", "The crimson workshop", "crimson workshop"], "MOD_PKV/ID_DECOY": ["wrong", "The crimson workshop", "olive cloister"], "MOD_PKV/ID_FAKE": ["correct", "UNKNOWN", "UNKNOWN"]}, "margins": {"MOD_PKV": -13.531, "NOMEM": -17.398}}
T450 {"case": "t450-test-44:BXA", "target": "crimson workshop", "cells": {"CONTEXT/R0": ["correct", "The crimson workshop"], "MOD_PKV/R0": ["false_unknown", "UNKNOWN"], "MOD_PKV/HOP": ["correct", "The crimson workshop", "FD-807"], "MOD_NATIVE/R0": ["false_unknown", "UNKNOWN"], "MOD_NATIVE/HOP": ["correct", "The crimson workshop", "FD-807"], "NOMEM/R0": ["false_unknown", "UNKNOWN"], "NOMEM/HOP": ["false_unknown", "UNKNOWN", null], "MOD_PKV/ID_ORACLE": ["correct", "The crimson workshop", "crimson workshop"], "MOD_PKV/ID_DECOY": ["wrong", "The crimson workshop", "olive cloister"], "MOD_PKV/ID_FAKE": ["correct", "UNKNOWN", "UNKNOWN"]}, "margins": {"MOD_PKV": -13.312, "NOMEM": -17.398}}
T450 {"case": "t450-test-44:AX", "target": "UNKNOWN", "cells": {"CONTEXT/R0": ["container_id", "Container WX-258"], "MOD_PKV/R0": ["container_id", "Container FD-807. The question states that t"], "MOD_PKV/HOP": ["correct", "UNKNOWN", "FD-807"], "MOD_NATIVE/R0": ["container_id", "Container FD-807. The question states that t"], "MOD_NATIVE/HOP": ["correct", "UNKNOWN", "FD-807"], "NOMEM/R0": ["correct", "UNKNOWN"], "NOMEM/HOP": ["correct", "UNKNOWN", null], "MOD_PKV/ID_ORACLE": ["correct", "UNKNOWN", "UNKNOWN"], "MOD_PKV/ID_DECOY": ["wrong", "UNKNOWN", "olive cloister"], "MOD_PKV/ID_FAKE": ["correct", "UNKNOWN", "UNKNOWN"]}, "margins": {"MOD_PKV": -22.125, "NOMEM": -17.648}}
T450 {"case": "t450-test-44:XA", "target": "UNKNOWN", "cells": {"CONTEXT/R0": ["correct", "UNKNOWN"], "MOD_PKV/R0": ["correct", "UNKNOWN"], "MOD_PKV/HOP": ["correct", "UNKNOWN", "FD-807"], "MOD_NATIVE/R0": ["container_id", "Container FD-807. The question states that t"], "MOD_NATIVE/HOP": ["correct", "UNKNOWN", "FD-807"], "NOMEM/R0": ["correct", "UNKNOWN"], "NOMEM/HOP": ["correct", "UNKNOWN", null], "MOD_PKV/ID_ORACLE": ["correct", "UNKNOWN", "UNKNOWN"], "MOD_PKV/ID_DECOY": ["wrong", "UNKNOWN", "olive cloister"], "MOD_PKV/ID_FAKE": ["correct", "UNKNOWN", "UNKNOWN"]}, "margins": {"MOD_PKV": -21.797, "NOMEM": -17.648}}
T450 {"case": "t450-test-44:AXW", "target": "UNKNOWN", "cells": {"CONTEXT/R0": ["container_id", "Container WX-258"], "MOD_PKV/R0": ["correct", "UNKNOWN"], "MOD_PKV/HOP": ["false_place_P", "The crimson workshop", "FD-807"], "MOD_NATIVE/R0": ["correct", "UNKNOWN"], "MOD_NATIVE/HOP": ["false_place_P", "The crimson workshop", "FD-807"], "NOMEM/R0": ["correct", "UNKNOWN"], "NOMEM/HOP": ["correct", "UNKNOWN", null], "MOD_PKV/ID_ORACLE": ["correct", "UNKNOWN", "UNKNOWN"], "MOD_PKV/ID_DECOY": ["wrong", "The crimson workshop", "olive cloister"], "MOD_PKV/ID_FAKE": ["correct", "UNKNOWN", "UNKNOWN"]}, "margins": {"MOD_PKV": -13.594, "NOMEM": -17.398}}
T450 {"case": "t450-test-44:WXA", "target": "UNKNOWN", "cells": {"CONTEXT/R0": ["container_id", "The carved sundial is in the container WX-25"], "MOD_PKV/R0": ["correct", "UNKNOWN"], "MOD_PKV/HOP": ["false_place_P", "The crimson workshop", "FD-807"], "MOD_NATIVE/R0": ["correct", "UNKNOWN"], "MOD_NATIVE/HOP": ["false_place_P", "The crimson workshop", "FD-807"], "NOMEM/R0": ["correct", "UNKNOWN"], "NOMEM/HOP": ["correct", "UNKNOWN", null], "MOD_PKV/ID_ORACLE": ["wrong", "The crimson workshop", "UNKNOWN"], "MOD_PKV/ID_DECOY": ["wrong", "The crimson workshop", "olive cloister"], "MOD_PKV/ID_FAKE": ["correct", "UNKNOWN", "UNKNOWN"]}, "margins": {"MOD_PKV": -13.438, "NOMEM": -17.398}}
INTEGRITY {'status': 'PASS', 'detail': '{"sampled_weight_sentinel_unchanged": true, "frozen_eval": true, "attn_sdpa": true, "seals": true}', 'checks': {'sampled_weight_sentinel_unchanged': True, 'frozen_eval': True, 'attn_sdpa': True, 'seals': True}, 'fingerprint_before': [1.0911674499511719, -90.19886779785156, 92.67086029052734, 73.23643493652344, 13758.201171875, -23395.71484375], 'fingerprint_after': [1.0911674499511719, -90.19886779785156, 92.67086029052734, 73.23643493652344, 13758.201171875, -23395.71484375], 'sentinel_before': '69d0fbcde353bbadba742e2197a9f1f2fbc51fc66364729bc7cca8734190b143', 'sentinel_after': '69d0fbcde353bbadba742e2197a9f1f2fbc51fc66364729bc7cca8734190b143', 'note': 'sampled sentinel, not a full verification of all weights'}
CANDIDATE_RESULT {"variant": "K120_V128_BF16_OWN", "critical": {"broken1:rev": true, "broken2:rev": true}, "panels": {"regression": {"n": 32, "correct": {"native": 23, "candidate": 23, "context": 23, "vanilla": 8}, "native_pass_eligible": ["complete0:fwd", "complete0:rev", "retain0:alone", "retain0:fwd", "retain0:rev", "complete1:fwd", "complete1:rev", "broken1:rev", "retain1:alone", "retain1:fwd", "retain1:rev", "broken2:fwd", "broken2:rev", "retain2:alone", "retain2:fwd", "retain2:rev", "complete3:fwd", "complete3:rev", "retain3:alone", "retain3:fwd", "retain3:rev", "boundary1:fwd", "boundary2:rev"], "eligible_by_kind": {"complete": 6, "retention": 12, "broken": 3, "sink_boundary": 2}, "native_to_candidate_losses": [], "candidate_gains": [], "candidate_invalid": [], "native_invalid": [], "context_to_native_losses": []}, "new_panel": {"n": 12, "correct": {"native": 10, "candidate": 10, "context": 10, "vanilla": 6}, "native_pass_eligible": ["new6-complete:fwd", "new6-complete:rev", "new6-broken:fwd", "new6-broken:rev", "new7-complete:fwd", "new7-complete:rev", "new7-broken:rev", "new8-complete:fwd", "new8-complete:rev", "new8-broken:rev"], "eligible_by_kind": {"complete": 6, "broken": 4}, "native_to_candidate_losses": [], "candidate_gains": [], "candidate_invalid": [], "native_invalid": [], "context_to_native_losses": []}}, "regression_goal": "PASS", "new_panel_preservation": "PASS", "joint_goal": "PASS"}
GENERATIONS {'main_attempted': 158, 'main_completed': 158, 'main_vanilla_reused': 22, 'candidate_attempted': 32, 'candidate_completed': 32, 'new_panel_attempted': 39, 'new_panel_completed': 39, 'new_panel_vanilla_reused': 9, 't450_attempted': 2446, 't450_completed': 2446}
====================================================================================================
TEST449 (prior, verified from case rows): {"source": "TEST449 log, recomputed from the 30 test case rows (not from the summary)", "hop_all_cases": "MOD_PKV/HOP L 16/18, U 12/12 (MOD_NATIVE/HOP identical)", "hop_eligible": "13/14, 4/4 (TEST449 pre-registered gate PASS)", "r0_all_cases": "MOD_PKV/R0 L 16/18, U 3/12 (one AX REVIEW)", "context_all_cases": "18/30 correct; CONTEXT says a place in 7/12 unlinked test cases and a container ID in 1/12", "cons_pkv_all_cases": "L 15/18, U 5/12 (eligible-only J=1.00 was inflated by the CONTEXT filter)", "stage1": "stage-1 returned the true container ID in 30/30 test cases", "limits": "6 test entities; decoy placed in the SAME place as the target; one phrasing family"}
TEST450 RESULT — NOT_MET | checks {"complete": true, "technical": true, "gates": true, "integrity": true, "enough": true, "L_ge_080": false, "U_ge_080": false, "J_lo95_ge_050": false, "nomem_hop_J_le_020": true, "paired_losses_le5": true}
  CONTEXT/R0       L=57/96 U=42/96 BA=0.516 J=0.031 J95%[-0.146,0.208] L95%[0.490,0.708] U95%[0.323,0.552] (entity-cluster bootstrap, 24 clusters) linked={'correct': 57, 'container_id': 9, 'decoy_place_Q': 5, 'false_unknown': 24, 'other_wrong': 1} unlinked={'container_id': 26, 'correct': 42, 'false_place_Q': 26, 'false_place_P': 1, 'review': 1}
  MOD_PKV/R0       L=32/96 U=13/96 BA=0.234 J=-0.531 J95%[-0.646,-0.417] L95%[0.198,0.469] U95%[0.052,0.229] (entity-cluster bootstrap, 24 clusters) linked={'correct': 32, 'other_wrong': 6, 'decoy_place_Q': 12, 'container_id': 35, 'false_unknown': 11} unlinked={'false_place_Q': 31, 'false_place_P': 15, 'correct': 13, 'container_id': 33, 'other_wrong': 4}
  MOD_PKV/HOP      L=35/96 U=29/96 BA=0.333 J=-0.333 J95%[-0.479,-0.188] L95%[0.250,0.490] U95%[0.167,0.448] (entity-cluster bootstrap, 24 clusters) linked={'correct': 35, 'decoy_place_Q': 16, 'review': 1, 'container_id': 9, 'false_unknown': 32, 'other_wrong': 3} unlinked={'false_place_Q': 35, 'false_place_P': 17, 'correct': 29, 'review': 2, 'other_wrong': 1, 'container_id': 12}
  MOD_NATIVE/R0    L=29/96 U=13/96 BA=0.219 J=-0.562 linked={'correct': 29, 'other_wrong': 7, 'decoy_place_Q': 15, 'container_id': 35, 'false_unknown': 10} unlinked={'false_place_Q': 31, 'false_place_P': 16, 'correct': 13, 'container_id': 35, 'other_wrong': 1}
  MOD_NATIVE/HOP   L=32/96 U=29/96 BA=0.318 J=-0.365 J95%[-0.521,-0.219] L95%[0.208,0.458] U95%[0.167,0.448] (entity-cluster bootstrap, 24 clusters) linked={'correct': 32, 'decoy_place_Q': 15, 'review': 2, 'container_id': 10, 'false_unknown': 35, 'other_wrong': 2} unlinked={'false_place_Q': 35, 'false_place_P': 17, 'correct': 29, 'review': 3, 'container_id': 12}
  NOMEM/R0         L=0/96 U=96/96 BA=0.500 J=0.000 linked={'false_unknown': 96} unlinked={'correct': 96}
  NOMEM/HOP        L=0/96 U=96/96 BA=0.500 J=0.000 J95%[0.000,0.000] L95%[0.000,0.000] U95%[1.000,1.000] (entity-cluster bootstrap, 24 clusters) linked={'false_unknown': 96} unlinked={'correct': 96}
  CONTEXT/R0 correct on test (reference only, NOT a filter): 99 / 192
  paired MOD_NATIVE->MOD_PKV: {"R0": {"native_pass_pkv_fail": 3, "pkv_pass_native_fail": 6}, "HOP": {"native_pass_pkv_fail": 1, "pkv_pass_native_fail": 4}}
  HOP stage-1 ID choice: {"MOD_PKV": {"stage1_id": {"T": 140, "other": 3, "abstain": 1, "D": 48}, "n": 192}, "MOD_NATIVE": {"stage1_id": {"T": 139, "other": 3, "abstain": 1, "D": 49}, "n": 192}, "NOMEM": {"stage1_id": {"abstain": 192}, "n": 192}}
  IDENTITY PROBES: {"MOD_PKV/ID_ORACLE": {"expected_match": 0.4270833333333333, "n": 192, "by_expected": {"UNKNOWN": "47/96", "place": "35/96"}, "outcomes": {"correct": 82, "wrong": 107, "review": 3}}, "MOD_PKV/ID_DECOY": {"expected_match": 0.5, "n": 192, "by_expected": {"UNKNOWN": "48/48", "place": "48/144"}, "outcomes": {"correct": 96, "wrong": 94, "review": 2}}, "MOD_PKV/ID_FAKE": {"expected_match": 1.0, "n": 192, "by_expected": {"UNKNOWN": "192/192", "place": "0/0"}, "outcomes": {"correct": 192}}} -> NOT_IDENTITY_SENSITIVE
  MARGIN (auxiliary): {"MOD_PKV": {"threshold_from_tune": -3.90625, "test_auc": 0.7413736979166666, "test_calibrated_BA": 0.65625}, "NOMEM": {"threshold_from_tune": -6.15625, "test_auc": 0.494140625, "test_calibrated_BA": 0.5}}
  by branch: {"AB": {"MOD_PKV/HOP": "L 9/24 U 0/0", "MOD_PKV/R0": "L 8/24 U 0/0", "CONTEXT/R0": "L 14/24 U 0/0"}, "AX": {"MOD_PKV/HOP": "L 0/0 U 9/24", "MOD_PKV/R0": "L 0/0 U 4/24", "CONTEXT/R0": "L 0/0 U 11/24"}, "AXB": {"MOD_PKV/HOP": "L 12/24 U 0/0", "MOD_PKV/R0": "L 9/24 U 0/0", "CONTEXT/R0": "L 10/24 U 0/0"}, "AXW": {"MOD_PKV/HOP": "L 0/0 U 4/24", "MOD_PKV/R0": "L 0/0 U 4/24", "CONTEXT/R0": "L 0/0 U 16/24"}, "BA": {"MOD_PKV/HOP": "L 9/24 U 0/0", "MOD_PKV/R0": "L 11/24 U 0/0", "CONTEXT/R0": "L 14/24 U 0/0"}, "BXA": {"MOD_PKV/HOP": "L 5/24 U 0/0", "MOD_PKV/R0": "L 4/24 U 0/0", "CONTEXT/R0": "L 19/24 U 0/0"}, "WXA": {"MOD_PKV/HOP": "L 0/0 U 7/24", "MOD_PKV/R0": "L 0/0 U 1/24", "CONTEXT/R0": "L 0/0 U 5/24"}, "XA": {"MOD_PKV/HOP": "L 0/0 U 9/24", "MOD_PKV/R0": "L 0/0 U 4/24", "CONTEXT/R0": "L 0/0 U 10/24"}}
  by phrasing: {"F1/Q1": {"MOD_PKV/HOP": "L 16/24 U 3/24", "MOD_PKV/R0": "L 11/24 U 3/24", "CONTEXT/R0": "L 14/24 U 12/24"}, "F1/Q2": {"MOD_PKV/HOP": "L 12/24 U 1/24", "MOD_PKV/R0": "L 17/24 U 0/24", "CONTEXT/R0": "L 20/24 U 12/24"}, "F2/Q1": {"MOD_PKV/HOP": "L 4/24 U 19/24", "MOD_PKV/R0": "L 1/24 U 8/24", "CONTEXT/R0": "L 7/24 U 6/24"}, "F2/Q2": {"MOD_PKV/HOP": "L 3/24 U 6/24", "MOD_PKV/R0": "L 3/24 U 2/24", "CONTEXT/R0": "L 16/24 U 12/24"}}
  by entity: {"21": {"MOD_PKV/HOP": "L 4/4 U 0/4", "MOD_PKV/R0": "L 4/4 U 0/4", "CONTEXT/R0": "L 3/4 U 2/4"}, "22": {"MOD_PKV/HOP": "L 2/4 U 1/4", "MOD_PKV/R0": "L 1/4 U 0/4", "CONTEXT/R0": "L 1/4 U 1/4"}, "23": {"MOD_PKV/HOP": "L 3/4 U 0/4", "MOD_PKV/R0": "L 0/4 U 2/4", "CONTEXT/R0": "L 4/4 U 3/4"}, "24": {"MOD_PKV/HOP": "L 2/4 U 0/4", "MOD_PKV/R0": "L 4/4 U 0/4", "CONTEXT/R0": "L 3/4 U 2/4"}, "25": {"MOD_PKV/HOP": "L 4/4 U 2/4", "MOD_PKV/R0": "L 1/4 U 1/4", "CONTEXT/R0": "L 2/4 U 2/4"}, "26": {"MOD_PKV/HOP": "L 2/4 U 0/4", "MOD_PKV/R0": "L 2/4 U 0/4", "CONTEXT/R0": "L 2/4 U 2/4"}, "27": {"MOD_PKV/HOP": "L 0/4 U 4/4", "MOD_PKV/R0": "L 0/4 U 1/4", "CONTEXT/R0": "L 1/4 U 0/4"}, "28": {"MOD_PKV/HOP": "L 2/4 U 0/4", "MOD_PKV/R0": "L 2/4 U 0/4", "CONTEXT/R0": "L 4/4 U 2/4"}, "29": {"MOD_PKV/HOP": "L 0/4 U 4/4", "MOD_PKV/R0": "L 1/4 U 0/4", "CONTEXT/R0": "L 1/4 U 1/4"}, "30": {"MOD_PKV/HOP": "L 2/4 U 0/4", "MOD_PKV/R0": "L 3/4 U 0/4", "CONTEXT/R0": "L 2/4 U 2/4"}, "31": {"MOD_PKV/HOP": "L 1/4 U 0/4", "MOD_PKV/R0": "L 1/4 U 0/4", "CONTEXT/R0": "L 4/4 U 4/4"}, "32": {"MOD_PKV/HOP": "L 0/4 U 0/4", "MOD_PKV/R0": "L 1/4 U 0/4", "CONTEXT/R0": "L 2/4 U 1/4"}, "33": {"MOD_PKV/HOP": "L 1/4 U 3/4", "MOD_PKV/R0": "L 0/4 U 2/4", "CONTEXT/R0": "L 1/4 U 3/4"}, "34": {"MOD_PKV/HOP": "L 3/4 U 0/4", "MOD_PKV/R0": "L 4/4 U 0/4", "CONTEXT/R0": "L 4/4 U 2/4"}, "35": {"MOD_PKV/HOP": "L 1/4 U 0/4", "MOD_PKV/R0": "L 2/4 U 0/4", "CONTEXT/R0": "L 2/4 U 2/4"}, "36": {"MOD_PKV/HOP": "L 0/4 U 2/4", "MOD_PKV/R0": "L 0/4 U 0/4", "CONTEXT/R0": "L 2/4 U 0/4"}, "37": {"MOD_PKV/HOP": "L 0/4 U 0/4", "MOD_PKV/R0": "L 1/4 U 0/4", "CONTEXT/R0": "L 3/4 U 2/4"}, "38": {"MOD_PKV/HOP": "L 2/4 U 1/4", "MOD_PKV/R0": "L 2/4 U 0/4", "CONTEXT/R0": "L 3/4 U 4/4"}, "39": {"MOD_PKV/HOP": "L 1/4 U 2/4", "MOD_PKV/R0": "L 0/4 U 1/4", "CONTEXT/R0": "L 1/4 U 3/4"}, "40": {"MOD_PKV/HOP": "L 1/4 U 0/4", "MOD_PKV/R0": "L 3/4 U 0/4", "CONTEXT/R0": "L 4/4 U 0/4"}, "41": {"MOD_PKV/HOP": "L 1/4 U 4/4", "MOD_PKV/R0": "L 0/4 U 2/4", "CONTEXT/R0": "L 1/4 U 1/4"}, "42": {"MOD_PKV/HOP": "L 0/4 U 2/4", "MOD_PKV/R0": "L 0/4 U 1/4", "CONTEXT/R0": "L 3/4 U 2/4"}, "43": {"MOD_PKV/HOP": "L 1/4 U 2/4", "MOD_PKV/R0": "L 0/4 U 0/4", "CONTEXT/R0": "L 3/4 U 0/4"}, "44": {"MOD_PKV/HOP": "L 2/4 U 2/4", "MOD_PKV/R0": "L 0/4 U 3/4", "CONTEXT/R0": "L 1/4 U 1/4"}}
PROVEN ONLY IF PASS: on 24 generated entities, two new phrasing families and a decoy container in a different place, fixed two-stage HOP over independently forged compressed modules discriminated linked from unlinked chains at the pre-registered level.
NOT PROVEN IN ANY CASE: single-pass latent reasoning, spontaneous integration of independent modules, robustness beyond these synthetic templates/this model, autonomous retrieval, general memory, AGI.
OUTPUT /content/AKBASCORE_TEST450/TEST450-20261003-071053 SHA256 b68a40d9040abf4e34d9a236152abedaa0e60055a4861f6b5ead947be304dc3e
TEST450 FINAL STATE: NOT_MET | identity NOT_IDENTITY_SENSITIVE | run COMPLETED | rows 32/32 | new 12/12 | t450 240/240 | integrity PASS
